ID,EXPERIMENT,SENSOR,TIMESTAMP,X,Y,Z
22662,4,android.sensor.accelerometer,2019-10-08 15:00:56.0330,0.0761671364307404,-0.077059380710125,9.74998569488525
22664,4,android.sensor.accelerometer,2019-10-08 15:00:56.0990,0.0837506055831909,-0.0643550753593445,9.74828147888184
22668,4,android.sensor.accelerometer,2019-10-08 15:00:56.1790,0.061102956533432,-0.0460546463727951,9.7468729019165
22670,4,android.sensor.accelerometer,2019-10-08 15:00:56.2590,0.0859264135360718,-0.0497796535491943,9.74731254577637
22671,4,android.sensor.accelerometer,2019-10-08 15:00:56.2590,0.0866659283638001,-0.0560981594026089,9.75347137451172
22674,4,android.sensor.accelerometer,2019-10-08 15:00:56.3390,0.0419215932488442,-0.0576550103724003,9.75175189971924
22678,4,android.sensor.accelerometer,2019-10-08 15:00:56.4180,0.103706896305084,-0.0632507801055908,9.75943470001221
22682,4,android.sensor.accelerometer,2019-10-08 15:00:56.5000,0.0654467344284058,-0.0419073514640331,9.74233722686768
22685,4,android.sensor.accelerometer,2019-10-08 15:00:56.5770,0.0841010808944702,-0.049775492399931,9.74199867248535
22688,4,android.sensor.accelerometer,2019-10-08 15:00:56.6580,0.0742903053760529,-0.0542874149978161,9.75435066223145
22689,4,android.sensor.accelerometer,2019-10-08 15:00:56.6590,0.0695955902338028,-0.0577487535774708,9.74905872344971
22693,4,android.sensor.accelerometer,2019-10-08 15:00:56.7380,0.0746626853942871,-0.0563144385814667,9.74878597259522
22695,4,android.sensor.accelerometer,2019-10-08 15:00:56.8169,0.0828951001167297,-0.0543588697910309,9.74626159667969
22701,4,android.sensor.accelerometer,2019-10-08 15:00:56.8970,0.0657117962837219,-0.0508205629885197,9.74605464935303
22703,4,android.sensor.accelerometer,2019-10-08 15:00:56.9750,0.106463924050331,-0.0584168545901775,9.76020240783691
22706,4,android.sensor.accelerometer,2019-10-08 15:00:57.0550,0.0423963591456413,-0.0426884889602661,9.74187278747559
22707,4,android.sensor.accelerometer,2019-10-08 15:00:57.0550,0.115304321050644,-0.0629554390907288,9.75630569458008
22712,4,android.sensor.accelerometer,2019-10-08 15:00:57.1370,0.0644108057022095,-0.0604149661958218,9.76525974273682
22713,4,android.sensor.accelerometer,2019-10-08 15:00:57.2160,0.0681507140398026,-0.0560320653021336,9.74380588531494
22719,4,android.sensor.accelerometer,2019-10-08 15:00:57.2950,0.0978705286979675,-0.0502114482223988,9.74647998809814
22721,4,android.sensor.accelerometer,2019-10-08 15:00:57.3750,0.0857840925455093,-0.0438456870615482,9.75189113616943
22724,4,android.sensor.accelerometer,2019-10-08 15:00:57.4530,0.0687001347541809,-0.0598909966647625,9.74840545654297
22725,4,android.sensor.accelerometer,2019-10-08 15:00:57.4530,0.0869604349136353,-0.0615315847098827,9.76323699951172
22728,4,android.sensor.accelerometer,2019-10-08 15:00:57.5330,0.0632562339305878,-0.0271130725741386,9.74379062652588
22732,4,android.sensor.accelerometer,2019-10-08 15:00:57.6130,0.105046033859253,-0.054185014218092,9.75649833679199
22735,4,android.sensor.accelerometer,2019-10-08 15:00:57.6949,0.0681830793619156,-0.053805023431778,9.7514591217041
22740,4,android.sensor.accelerometer,2019-10-08 15:00:57.7780,0.0916006714105606,-0.0604430921375752,9.74582481384277
22742,4,android.sensor.accelerometer,2019-10-08 15:00:57.8129,0.0829740464687347,-0.0519203692674637,9.75173664093018
22744,4,android.sensor.accelerometer,2019-10-08 15:00:57.8950,0.0707708448171616,-0.0416723936796188,9.74760913848877
22748,4,android.sensor.accelerometer,2019-10-08 15:00:57.9750,0.0912023186683655,-0.0478808172047138,9.74774646759033
22751,4,android.sensor.accelerometer,2019-10-08 15:00:58.0540,0.0764927715063095,-0.0634944885969162,9.74995899200439
22752,4,android.sensor.accelerometer,2019-10-08 15:00:58.0540,0.0772295743227005,-0.060778770595789,9.75157737731934
22756,4,android.sensor.accelerometer,2019-10-08 15:00:58.1360,0.0862345993518829,-0.0525816045701504,9.7614917755127
22759,4,android.sensor.accelerometer,2019-10-08 15:00:58.2150,0.0660081803798676,-0.044127631932497,9.75277805328369
22761,4,android.sensor.accelerometer,2019-10-08 15:00:58.2970,0.0868656039237976,-0.0566765256226063,9.74808311462402
22765,4,android.sensor.accelerometer,2019-10-08 15:00:58.3740,0.0792079269886017,-0.0636846423149109,9.75843238830566
22770,4,android.sensor.accelerometer,2019-10-08 15:00:58.4540,0.0681686252355576,-0.0585468374192715,9.75388145446777
22771,4,android.sensor.accelerometer,2019-10-08 15:00:58.4550,0.0914918184280396,-0.0580198355019093,9.7507381439209
22774,4,android.sensor.accelerometer,2019-10-08 15:00:58.5340,0.071341872215271,-0.0560002811253071,9.74560642242432
22776,4,android.sensor.accelerometer,2019-10-08 15:00:58.6120,0.0824641734361649,-0.0629236996173859,9.75336074829102
22780,4,android.sensor.accelerometer,2019-10-08 15:00:58.7030,0.0890969187021256,-0.0603166371583939,9.7576150894165
22783,4,android.sensor.accelerometer,2019-10-08 15:00:58.7700,0.0727856308221817,-0.0603867061436176,9.75179481506348
22788,4,android.sensor.accelerometer,2019-10-08 15:00:58.8620,0.0807109773159027,-0.0536201559007168,9.75269031524658
22789,4,android.sensor.accelerometer,2019-10-08 15:00:58.8620,0.078544944524765,-0.0595566183328629,9.75294876098633
22792,4,android.sensor.accelerometer,2019-10-08 15:00:58.9410,0.0666023790836334,-0.0526428632438183,9.75380420684814
22795,4,android.sensor.accelerometer,2019-10-08 15:00:59.0250,0.0837651044130325,-0.057320598512888,9.75543594360352
22798,4,android.sensor.accelerometer,2019-10-08 15:00:59.1030,0.0693036317825317,-0.0554147213697434,9.74930858612061
22801,4,android.sensor.accelerometer,2019-10-08 15:00:59.1780,0.0927621275186539,-0.0625365674495697,9.74113464355469
22805,4,android.sensor.accelerometer,2019-10-08 15:00:59.2520,0.0710734724998474,-0.0551701337099075,9.75469589233398
22806,4,android.sensor.accelerometer,2019-10-08 15:00:59.2520,0.0786534994840622,-0.0525215975940228,9.75945091247559
22809,4,android.sensor.accelerometer,2019-10-08 15:00:59.3350,0.0851570218801498,-0.0555843822658062,9.75845432281494
22813,4,android.sensor.accelerometer,2019-10-08 15:00:59.4100,0.0727725327014923,-0.060504924505949,9.75660037994385
22816,4,android.sensor.accelerometer,2019-10-08 15:00:59.4880,0.0791569352149963,-0.0570216216146946,9.76046943664551
22819,4,android.sensor.accelerometer,2019-10-08 15:00:59.5820,0.0905018001794815,-0.0545222721993923,9.76234531402588
22823,4,android.sensor.accelerometer,2019-10-08 15:00:59.6480,0.0740393996238709,-0.0520146526396275,9.7625789642334
22826,4,android.sensor.accelerometer,2019-10-08 15:00:59.7330,0.0941990613937378,-0.0562602654099464,9.76230430603027
22828,4,android.sensor.accelerometer,2019-10-08 15:00:59.7330,0.0739738345146179,-0.0594030320644379,9.77232456207275
22832,4,android.sensor.accelerometer,2019-10-08 15:00:59.8139,0.0847466289997101,-0.0564199164509773,9.75497055053711
22833,4,android.sensor.accelerometer,2019-10-08 15:00:59.8950,0.0806942731142044,-0.0570824593305588,9.75147819519043
22837,4,android.sensor.accelerometer,2019-10-08 15:00:59.9750,0.0750499963760376,-0.0619640238583088,9.76874160766602
22841,4,android.sensor.accelerometer,2019-10-08 15:01:00.0470,0.0838460028171539,-0.0583797469735146,9.75773048400879
22844,4,android.sensor.accelerometer,2019-10-08 15:01:00.1260,0.0662513822317123,-0.0501689650118351,9.76397705078125
22845,4,android.sensor.accelerometer,2019-10-08 15:01:00.1260,0.0803109556436539,-0.0639732033014298,9.76837921142578
22848,4,android.sensor.accelerometer,2019-10-08 15:01:00.2070,0.0865551233291626,-0.0622681565582752,9.77056217193604
22852,4,android.sensor.accelerometer,2019-10-08 15:01:00.2870,0.0679283291101456,-0.0618717260658741,9.76412200927734
22855,4,android.sensor.accelerometer,2019-10-08 15:01:00.3690,0.0861231833696365,-0.0634100884199142,9.76075744628906
22859,4,android.sensor.accelerometer,2019-10-08 15:01:00.4530,0.0754765272140503,-0.0585797429084778,9.76986122131348
22862,4,android.sensor.accelerometer,2019-10-08 15:01:00.5330,0.0733552128076553,-0.0639646947383881,9.76338577270508
22864,4,android.sensor.accelerometer,2019-10-08 15:01:00.5330,0.0795159935951233,-0.0597251728177071,9.7598934173584
22866,4,android.sensor.accelerometer,2019-10-08 15:01:00.6130,0.0749724060297012,-0.0587027072906494,9.7581787109375
22870,4,android.sensor.accelerometer,2019-10-08 15:01:00.6860,0.0833737999200821,-0.0552120096981525,9.76934814453125
22873,4,android.sensor.accelerometer,2019-10-08 15:01:00.7760,0.0867162942886353,-0.0610422529280186,9.76393890380859
22877,4,android.sensor.accelerometer,2019-10-08 15:01:00.8510,0.0722386538982391,-0.0546383075416088,9.7636022567749
22880,4,android.sensor.accelerometer,2019-10-08 15:01:00.9270,0.0765423774719238,-0.0581384263932705,9.76316738128662
22882,4,android.sensor.accelerometer,2019-10-08 15:01:00.9270,0.0847107470035553,-0.0533588193356991,9.7699089050293
22885,4,android.sensor.accelerometer,2019-10-08 15:01:01.0050,0.078592449426651,-0.0550415553152561,9.76888751983643
22888,4,android.sensor.accelerometer,2019-10-08 15:01:01.0910,0.0738254487514496,-0.054275568574667,9.76612854003906
22891,4,android.sensor.accelerometer,2019-10-08 15:01:01.1670,0.0682540088891983,-0.0573804192245007,9.76737213134766
22895,4,android.sensor.accelerometer,2019-10-08 15:01:01.2460,0.0774141848087311,-0.0587344355881214,9.77001476287842
22898,4,android.sensor.accelerometer,2019-10-08 15:01:01.3260,0.0654445290565491,-0.05471171438694,9.78401565551758
22900,4,android.sensor.accelerometer,2019-10-08 15:01:01.3260,0.0784242153167725,-0.054887805134058,9.77413368225098
22904,4,android.sensor.accelerometer,2019-10-08 15:01:01.4110,0.0650226473808289,-0.0584909915924072,9.77263736724854
22905,4,android.sensor.accelerometer,2019-10-08 15:01:01.4980,0.0769599676132202,-0.0543801486492157,9.77175426483154
22909,4,android.sensor.accelerometer,2019-10-08 15:01:01.5669,0.0760989040136337,-0.0503928810358048,9.77666091918945
22913,4,android.sensor.accelerometer,2019-10-08 15:01:01.6510,0.074487641453743,-0.0486167222261429,9.76623916625977
22916,4,android.sensor.accelerometer,2019-10-08 15:01:01.7330,0.0697973072528839,-0.0613455772399902,9.77174949645996
22919,4,android.sensor.accelerometer,2019-10-08 15:01:01.7340,0.0839362442493439,-0.0544928945600987,9.76836395263672
22920,4,android.sensor.accelerometer,2019-10-08 15:01:01.8070,0.0695194005966187,-0.0610200613737106,9.77619457244873
22924,4,android.sensor.accelerometer,2019-10-08 15:01:01.8820,0.0695273876190186,-0.0571288131177425,9.77429389953613
22927,4,android.sensor.accelerometer,2019-10-08 15:01:01.9630,0.0724567472934723,-0.062164019793272,9.76733779907227
22931,4,android.sensor.accelerometer,2019-10-08 15:01:02.0480,0.0640725791454315,-0.0652347430586815,9.76750946044922
22935,4,android.sensor.accelerometer,2019-10-08 15:01:02.1200,0.0762516111135483,-0.0595572143793106,9.77175903320313
22937,4,android.sensor.accelerometer,2019-10-08 15:01:02.1200,0.0694186985492706,-0.0606603845953941,9.76491641998291
22938,4,android.sensor.accelerometer,2019-10-08 15:01:02.2120,0.0716153979301453,-0.0510255433619022,9.76846122741699
22942,4,android.sensor.accelerometer,2019-10-08 15:01:02.2940,0.0711633563041687,-0.0569801889359951,9.78354740142822
22945,4,android.sensor.accelerometer,2019-10-08 15:01:02.3600,0.0615368187427521,-0.0621751844882965,9.77413940429688
22948,4,android.sensor.accelerometer,2019-10-08 15:01:02.4410,0.0755658894777298,-0.0616578720510006,9.76364994049072
22953,4,android.sensor.accelerometer,2019-10-08 15:01:02.5220,0.0846104472875595,-0.0584941990673542,9.78178310394287
22954,4,android.sensor.accelerometer,2019-10-08 15:01:02.5220,0.0761020183563232,-0.0556715168058872,9.77304840087891
22956,4,android.sensor.accelerometer,2019-10-08 15:01:02.6020,0.0713422298431397,-0.0620403327047825,9.77798461914063
22960,4,android.sensor.accelerometer,2019-10-08 15:01:02.6790,0.0739068388938904,-0.0568388402462006,9.77291774749756
22963,4,android.sensor.accelerometer,2019-10-08 15:01:02.7630,0.0713485181331635,-0.0598402805626392,9.78164100646973
22966,4,android.sensor.accelerometer,2019-10-08 15:01:02.8510,0.0753484070301056,-0.0580596178770065,9.77699089050293
22970,4,android.sensor.accelerometer,2019-10-08 15:01:02.9400,0.077595055103302,-0.0575014762580395,9.77427005767822
22972,4,android.sensor.accelerometer,2019-10-08 15:01:02.9400,0.074266254901886,-0.0567094422876835,9.77912902832031
22975,4,android.sensor.accelerometer,2019-10-08 15:01:02.9980,0.0739494264125824,-0.0567129217088223,9.76892852783203
22977,4,android.sensor.accelerometer,2019-10-08 15:01:03.0850,0.0812042653560638,-0.0483787953853607,9.78041839599609
22981,4,android.sensor.accelerometer,2019-10-08 15:01:03.1600,0.0776156783103943,-0.0673999562859535,9.77926445007324
22984,4,android.sensor.accelerometer,2019-10-08 15:01:03.2390,0.0765098631381989,-0.0593318082392216,9.78096485137939
22988,4,android.sensor.accelerometer,2019-10-08 15:01:03.3280,0.0726835876703262,-0.0563734956085682,9.77827072143555
22989,4,android.sensor.accelerometer,2019-10-08 15:01:03.3280,0.0691435635089874,-0.0528120547533035,9.77544403076172
22993,4,android.sensor.accelerometer,2019-10-08 15:01:03.4069,0.0815531015396118,-0.0589081980288029,9.76955986022949
22995,4,android.sensor.accelerometer,2019-10-08 15:01:03.4900,0.0852539837360382,-0.0572620928287506,9.77120590209961
22999,4,android.sensor.accelerometer,2019-10-08 15:01:03.5629,0.0716499090194702,-0.0511243604123592,9.77608394622803
23001,4,android.sensor.accelerometer,2019-10-08 15:01:03.6390,0.0792605429887772,-0.0581731610000134,9.78499984741211
23006,4,android.sensor.accelerometer,2019-10-08 15:01:03.7260,0.0753335803747177,-0.0574519671499729,9.78112030029297
23010,4,android.sensor.accelerometer,2019-10-08 15:01:03.8090,0.0788717567920685,-0.0549262948334217,9.77586936950684
23011,4,android.sensor.accelerometer,2019-10-08 15:01:03.8090,0.0873721539974213,-0.0599485039710999,9.78714179992676
23015,4,android.sensor.accelerometer,2019-10-08 15:01:03.8810,0.087941974401474,-0.060996375977993,9.77274990081787
23016,4,android.sensor.accelerometer,2019-10-08 15:01:03.9640,0.0744596123695374,-0.0582756362855434,9.7752571105957
23020,4,android.sensor.accelerometer,2019-10-08 15:01:04.0480,0.0795005559921265,-0.0607439912855625,9.78058338165283
23024,4,android.sensor.accelerometer,2019-10-08 15:01:04.1150,0.0747792422771454,-0.0581547878682613,9.77784061431885
23028,4,android.sensor.accelerometer,2019-10-08 15:01:04.2000,0.0764630287885666,-0.0591577626764774,9.77131271362305
23029,4,android.sensor.accelerometer,2019-10-08 15:01:04.2000,0.0819867253303528,-0.063122883439064,9.78066825866699
23032,4,android.sensor.accelerometer,2019-10-08 15:01:04.2980,0.0705779492855072,-0.0590357631444931,9.77030372619629
23036,4,android.sensor.accelerometer,2019-10-08 15:01:04.3750,0.0684054642915726,-0.0577574782073498,9.77741622924805
23040,4,android.sensor.accelerometer,2019-10-08 15:01:04.4560,0.0702224522829056,-0.0583699606359005,9.77378654479981
23041,4,android.sensor.accelerometer,2019-10-08 15:01:04.4560,0.0842244178056717,-0.059710718691349,9.76958465576172
23043,4,android.sensor.accelerometer,2019-10-08 15:01:04.5350,0.0849873572587967,-0.0622049309313297,9.77134799957275
23047,4,android.sensor.accelerometer,2019-10-08 15:01:04.6180,0.0818428099155426,-0.0609518177807331,9.76881885528564
23049,4,android.sensor.accelerometer,2019-10-08 15:01:04.6969,0.0800478011369705,-0.0577372610569,9.77644443511963
23053,4,android.sensor.accelerometer,2019-10-08 15:01:04.7750,0.0782580971717835,-0.0642105489969254,9.77475070953369
23057,4,android.sensor.accelerometer,2019-10-08 15:01:04.8560,0.0679153501987457,-0.0523729957640171,9.77829933166504
23059,4,android.sensor.accelerometer,2019-10-08 15:01:04.8570,0.0740364789962769,-0.059113871306181,9.78406715393066
23061,4,android.sensor.accelerometer,2019-10-08 15:01:04.9330,0.0767786055803299,-0.0606708489358425,9.7761344909668
23064,4,android.sensor.accelerometer,2019-10-08 15:01:05.0230,0.0790197402238846,-0.0629147738218308,9.77561092376709
23067,4,android.sensor.accelerometer,2019-10-08 15:01:05.0940,0.0736846774816513,-0.0597125701606274,9.78198432922363
23071,4,android.sensor.accelerometer,2019-10-08 15:01:05.1800,0.0845233947038651,-0.0589851886034012,9.7753791809082
23075,4,android.sensor.accelerometer,2019-10-08 15:01:05.2610,0.083596408367157,-0.0556926093995571,9.77525615692139
23077,4,android.sensor.accelerometer,2019-10-08 15:01:05.2610,0.0789200514554977,-0.0567286610603333,9.76459980010986
23080,4,android.sensor.accelerometer,2019-10-08 15:01:05.3320,0.0845297276973724,-0.0654239505529404,9.77890396118164
23083,4,android.sensor.accelerometer,2019-10-08 15:01:05.4160,0.0734682679176331,-0.056239977478981,9.77468395233154
23087,4,android.sensor.accelerometer,2019-10-08 15:01:05.4920,0.0688945651054382,-0.0556430667638779,9.78023147583008
23091,4,android.sensor.accelerometer,2019-10-08 15:01:05.5770,0.0739100873470306,-0.0693577751517296,9.77520751953125
23093,4,android.sensor.accelerometer,2019-10-08 15:01:05.6590,0.069116473197937,-0.0628028213977814,9.77223587036133
23094,4,android.sensor.accelerometer,2019-10-08 15:01:05.6590,0.0703376084566116,-0.0642952173948288,9.77207565307617
23097,4,android.sensor.accelerometer,2019-10-08 15:01:05.7480,0.0832599401473999,-0.0528782345354557,9.77761459350586
23102,4,android.sensor.accelerometer,2019-10-08 15:01:05.8169,0.0708859711885452,-0.0559609197080135,9.7736234664917
23104,4,android.sensor.accelerometer,2019-10-08 15:01:05.9020,0.0708148181438446,-0.0653494969010353,9.77703189849854
23107,4,android.sensor.accelerometer,2019-10-08 15:01:05.9780,0.0773572325706482,-0.0510289967060089,9.775390625
23111,4,android.sensor.accelerometer,2019-10-08 15:01:06.0590,0.0753728151321411,-0.0642248094081879,9.7742280960083
23114,4,android.sensor.accelerometer,2019-10-08 15:01:06.1260,0.0806397646665573,-0.061663668602705,9.77567768096924
23116,4,android.sensor.accelerometer,2019-10-08 15:01:06.1260,0.0752959996461868,-0.0633781850337982,9.77586174011231
23119,4,android.sensor.accelerometer,2019-10-08 15:01:06.2100,0.0712089836597443,-0.0542145445942879,9.78120231628418
23121,4,android.sensor.accelerometer,2019-10-08 15:01:06.2970,0.081277996301651,-0.0588522106409073,9.77247524261475
23125,4,android.sensor.accelerometer,2019-10-08 15:01:06.3840,0.0779009610414505,-0.0561056546866894,9.76620292663574
23129,4,android.sensor.accelerometer,2019-10-08 15:01:06.4530,0.0720205008983612,-0.0653592795133591,9.78094482421875
23132,4,android.sensor.accelerometer,2019-10-08 15:01:06.5400,0.0775048583745956,-0.0675468444824219,9.76927757263184
23135,4,android.sensor.accelerometer,2019-10-08 15:01:06.5410,0.0747116953134537,-0.0561671443283558,9.76576805114746
23137,4,android.sensor.accelerometer,2019-10-08 15:01:06.6150,0.0723612308502197,-0.0537405014038086,9.77361297607422
23141,4,android.sensor.accelerometer,2019-10-08 15:01:06.6889,0.0678858906030655,-0.0535560362040997,9.78107833862305
23143,4,android.sensor.accelerometer,2019-10-08 15:01:06.7830,0.0614450126886368,-0.062317319214344,9.76571083068848
23147,4,android.sensor.accelerometer,2019-10-08 15:01:06.8650,0.0813499689102173,-0.0591306872665882,9.77845001220703
23151,4,android.sensor.accelerometer,2019-10-08 15:01:06.9350,0.073253333568573,-0.0568518228828907,9.77828693389893
23153,4,android.sensor.accelerometer,2019-10-08 15:01:06.9350,0.0719681531190872,-0.0577671565115452,9.76782417297363
23154,4,android.sensor.accelerometer,2019-10-08 15:01:07.0150,0.0792797952890396,-0.0626260787248611,9.78073215484619
23158,4,android.sensor.accelerometer,2019-10-08 15:01:07.0850,0.0736221820116043,-0.0575750060379505,9.77791309356689
23162,4,android.sensor.accelerometer,2019-10-08 15:01:07.1650,0.0755746066570282,-0.0578719638288021,9.77816009521484
23166,4,android.sensor.accelerometer,2019-10-08 15:01:07.2500,0.0644759237766266,-0.0518918372690678,9.77154922485352
23168,4,android.sensor.accelerometer,2019-10-08 15:01:07.3360,0.069144144654274,-0.0621715821325779,9.77368259429932
23170,4,android.sensor.accelerometer,2019-10-08 15:01:07.3370,0.0741406679153442,-0.055355966091156,9.78947639465332
23173,4,android.sensor.accelerometer,2019-10-08 15:01:07.4100,0.0839205384254456,-0.0499470718204975,9.77308654785156
23176,4,android.sensor.accelerometer,2019-10-08 15:01:07.5110,0.0674434006214142,-0.0521878041327,9.7772388458252
23180,4,android.sensor.accelerometer,2019-10-08 15:01:07.5970,0.0569471418857574,-0.0608296506106854,9.7758674621582
23182,4,android.sensor.accelerometer,2019-10-08 15:01:07.5970,0.0539119094610214,-0.0617589466273785,9.77550983428955
23184,4,android.sensor.accelerometer,2019-10-08 15:01:07.6680,0.0410932153463364,-0.047121673822403,9.76145553588867
23187,4,android.sensor.accelerometer,2019-10-08 15:01:07.7500,0.0361971035599709,-0.0494206249713898,9.76583385467529
23191,4,android.sensor.accelerometer,2019-10-08 15:01:07.8340,0.0290606766939163,-0.0516351647675037,9.75397109985352
23194,4,android.sensor.accelerometer,2019-10-08 15:01:07.9110,0.0122995749115944,-0.0496336668729782,9.76318550109863
23198,4,android.sensor.accelerometer,2019-10-08 15:01:07.9950,0.0158478543162346,-0.0465478301048279,9.74021625518799
23201,4,android.sensor.accelerometer,2019-10-08 15:01:08.0730,-0.0104798153042793,-0.0427728593349457,9.75118637084961
23203,4,android.sensor.accelerometer,2019-10-08 15:01:08.0740,-0.0132604092359543,-0.0340373925864696,9.74383926391602
23206,4,android.sensor.accelerometer,2019-10-08 15:01:08.1390,-0.014554388821125,-0.0356602221727371,9.73445224761963
23209,4,android.sensor.accelerometer,2019-10-08 15:01:08.2390,-0.0316835641860962,-0.0309455543756485,9.73967552185059
23212,4,android.sensor.accelerometer,2019-10-08 15:01:08.3080,-0.03482661023736,-0.0334017388522625,9.73809909820557
23216,4,android.sensor.accelerometer,2019-10-08 15:01:08.3900,-0.0437865704298019,-0.0295725464820862,9.72226619720459
23220,4,android.sensor.accelerometer,2019-10-08 15:01:08.4740,-0.0480625256896019,-0.0337504744529724,9.72628116607666
23221,4,android.sensor.accelerometer,2019-10-08 15:01:08.4750,0.0666567981243134,-0.0567278452217579,9.78713226318359
23224,4,android.sensor.accelerometer,2019-10-08 15:01:08.5490,0.0708563327789307,-0.054650504142046,9.78610801696777
23226,4,android.sensor.accelerometer,2019-10-08 15:01:08.6320,0.0678149610757828,-0.0640776753425598,9.77201652526856
23230,4,android.sensor.accelerometer,2019-10-08 15:01:08.7100,0.0717299580574036,-0.0562658309936523,9.7777271270752
23235,4,android.sensor.accelerometer,2019-10-08 15:01:08.7920,0.0775277614593506,-0.0560624934732914,9.78916549682617
23237,4,android.sensor.accelerometer,2019-10-08 15:01:08.8670,0.0753171592950821,-0.0539381057024002,9.78031063079834
23238,4,android.sensor.accelerometer,2019-10-08 15:01:08.8670,0.0760742574930191,-0.0547750480473042,9.7813196182251
23241,4,android.sensor.accelerometer,2019-10-08 15:01:08.9480,0.073576033115387,-0.0569813810288906,9.78695678710938
23245,4,android.sensor.accelerometer,2019-10-08 15:01:09.0270,0.0767909437417984,-0.060677170753479,9.77799320220947
23248,4,android.sensor.accelerometer,2019-10-08 15:01:09.1080,0.0780856758356094,-0.0552407130599022,9.79332637786865
23253,4,android.sensor.accelerometer,2019-10-08 15:01:09.1830,0.0749466717243195,-0.0619767531752586,9.76889896392822
23256,4,android.sensor.accelerometer,2019-10-08 15:01:09.2570,0.0681158304214478,-0.069425955414772,9.78122043609619
23258,4,android.sensor.accelerometer,2019-10-08 15:01:09.2580,0.0759566873311996,-0.0617535598576069,9.78313732147217
23259,4,android.sensor.accelerometer,2019-10-08 15:01:09.3420,0.0796140432357788,-0.0568941682577133,9.78664493560791
23263,4,android.sensor.accelerometer,2019-10-08 15:01:09.4210,0.0641717612743378,-0.0602963678538799,9.77882766723633
23266,4,android.sensor.accelerometer,2019-10-08 15:01:09.4960,0.0722927749156952,-0.0592806786298752,9.77432727813721
23270,4,android.sensor.accelerometer,2019-10-08 15:01:09.5790,0.0626809895038605,-0.05673523619771,9.77953815460205
23273,4,android.sensor.accelerometer,2019-10-08 15:01:09.6710,0.0828690230846405,-0.0531218163669109,9.78675079345703
23275,4,android.sensor.accelerometer,2019-10-08 15:01:09.6720,0.0836890041828156,-0.0560275204479694,9.78493309020996
23278,4,android.sensor.accelerometer,2019-10-08 15:01:09.7470,0.0843815207481384,-0.05781065300107,9.7772331237793
23281,4,android.sensor.accelerometer,2019-10-08 15:01:09.8300,0.0721915066242218,-0.0594325922429562,9.77492713928223
23284,4,android.sensor.accelerometer,2019-10-08 15:01:09.9050,0.0796110779047012,-0.0629289448261261,9.78106021881104
23288,4,android.sensor.accelerometer,2019-10-08 15:01:09.9860,0.0798822343349457,-0.0657221153378487,9.78187656402588
23291,4,android.sensor.accelerometer,2019-10-08 15:01:10.0700,0.0755487680435181,-0.0562010444700718,9.78442001342773
23293,4,android.sensor.accelerometer,2019-10-08 15:01:10.0700,0.0815813541412354,-0.0535675995051861,9.78397750854492
23297,4,android.sensor.accelerometer,2019-10-08 15:01:10.1360,0.0678422451019287,-0.0556799285113812,9.78439140319824
23298,4,android.sensor.accelerometer,2019-10-08 15:01:10.2160,0.0767602324485779,-0.0576727390289307,9.77611351013184
23302,4,android.sensor.accelerometer,2019-10-08 15:01:10.2940,0.0645662248134613,-0.0573747344315052,9.78896141052246
23306,4,android.sensor.accelerometer,2019-10-08 15:01:10.3750,0.0775971859693527,-0.0637490749359131,9.77916717529297
23309,4,android.sensor.accelerometer,2019-10-08 15:01:10.4530,0.0725725889205933,-0.0604283697903156,9.77820587158203
23310,4,android.sensor.accelerometer,2019-10-08 15:01:10.4540,0.0785965919494629,-0.056999683380127,9.77698135375977
23314,4,android.sensor.accelerometer,2019-10-08 15:01:10.5360,0.0779575854539871,-0.056276697665453,9.77323055267334
23318,4,android.sensor.accelerometer,2019-10-08 15:01:10.6200,0.0680780559778214,-0.0612936466932297,9.77484893798828
23320,4,android.sensor.accelerometer,2019-10-08 15:01:10.7070,0.0686148852109909,-0.0628569424152374,9.77550888061523
23323,4,android.sensor.accelerometer,2019-10-08 15:01:10.7790,0.0719980150461197,-0.0561023354530335,9.77840709686279
23329,4,android.sensor.accelerometer,2019-10-08 15:01:10.8760,0.0725395083427429,-0.0613202750682831,9.77758884429932
23330,4,android.sensor.accelerometer,2019-10-08 15:01:10.8760,0.0737570375204086,-0.0614494979381561,9.77521324157715
23331,4,android.sensor.accelerometer,2019-10-08 15:01:10.9350,0.078201949596405,-0.0684499889612198,9.79232883453369
23335,4,android.sensor.accelerometer,2019-10-08 15:01:11.0140,0.0733715295791626,-0.0654938593506813,9.7912769317627
23337,4,android.sensor.accelerometer,2019-10-08 15:01:11.0970,0.0782312750816345,-0.0640762448310852,9.77261161804199
23341,4,android.sensor.accelerometer,2019-10-08 15:01:11.1820,0.0772083699703217,-0.0656593888998032,9.7756929397583
23345,4,android.sensor.accelerometer,2019-10-08 15:01:11.2730,0.0746969133615494,-0.0525182783603668,9.77382564544678
23347,4,android.sensor.accelerometer,2019-10-08 15:01:11.2730,0.0693038702011108,-0.0610015504062176,9.77763557434082
23350,4,android.sensor.accelerometer,2019-10-08 15:01:11.3430,0.0768324136734009,-0.0638272613286972,9.78281974792481
23353,4,android.sensor.accelerometer,2019-10-08 15:01:11.4180,0.0809364914894104,-0.0572629384696484,9.77452659606934
23356,4,android.sensor.accelerometer,2019-10-08 15:01:11.4960,0.0750677883625031,-0.0609064176678658,9.79016876220703
23359,4,android.sensor.accelerometer,2019-10-08 15:01:11.5900,0.0688471794128418,-0.055173184722662,9.79104232788086
23363,4,android.sensor.accelerometer,2019-10-08 15:01:11.6590,0.0726759284734726,-0.0637201070785522,9.77848815917969
23365,4,android.sensor.accelerometer,2019-10-08 15:01:11.6600,0.0825246870517731,-0.0598083771765232,9.77427864074707
23367,4,android.sensor.accelerometer,2019-10-08 15:01:11.7370,0.0741293430328369,-0.0618263073265553,9.78864860534668
23370,4,android.sensor.accelerometer,2019-10-08 15:01:11.8129,0.0683799982070923,-0.067463330924511,9.78066349029541
23374,4,android.sensor.accelerometer,2019-10-08 15:01:11.8900,0.0785242319107056,-0.0577981919050217,9.78085517883301
23377,4,android.sensor.accelerometer,2019-10-08 15:01:11.9710,0.0763514637947083,-0.0617430098354816,9.78491401672363
23382,4,android.sensor.accelerometer,2019-10-08 15:01:12.0509,0.0738958120346069,-0.0643737614154816,9.78274917602539
23384,4,android.sensor.accelerometer,2019-10-08 15:01:12.1320,0.0773713141679764,-0.061131838709116,9.77655792236328
23386,4,android.sensor.accelerometer,2019-10-08 15:01:12.1320,0.0697969794273376,-0.0666734278202057,9.78486061096191
23388,4,android.sensor.accelerometer,2019-10-08 15:01:12.2100,0.0617601424455643,-0.0594234205782414,9.77638053894043
23392,4,android.sensor.accelerometer,2019-10-08 15:01:12.2880,0.0747568309307098,-0.0609496906399727,9.77038288116455
23395,4,android.sensor.accelerometer,2019-10-08 15:01:12.3700,0.0706370770931244,-0.0554339401423931,9.78236484527588
23399,4,android.sensor.accelerometer,2019-10-08 15:01:12.4480,0.0775057673454285,-0.0542690120637417,9.78107070922852
23402,4,android.sensor.accelerometer,2019-10-08 15:01:12.5280,0.0797288715839386,-0.0526687540113926,9.78107833862305
23404,4,android.sensor.accelerometer,2019-10-08 15:01:12.5280,0.0720261335372925,-0.0604988858103752,9.77545356750488
23408,4,android.sensor.accelerometer,2019-10-08 15:01:12.6060,0.0718521773815155,-0.0672276765108109,9.78536224365234
23410,4,android.sensor.accelerometer,2019-10-08 15:01:12.6860,0.0716715455055237,-0.0566895119845867,9.78228187561035
23413,4,android.sensor.accelerometer,2019-10-08 15:01:12.7630,0.0780436545610428,-0.0656870603561401,9.76973438262939
23417,4,android.sensor.accelerometer,2019-10-08 15:01:12.8470,0.0700111985206604,-0.0561628192663193,9.77749156951904
23420,4,android.sensor.accelerometer,2019-10-08 15:01:12.9240,0.0713061690330505,-0.0638039782643318,9.76913070678711
23422,4,android.sensor.accelerometer,2019-10-08 15:01:12.9250,0.0688238888978958,-0.061304859817028,9.77781772613525
23426,4,android.sensor.accelerometer,2019-10-08 15:01:13.0090,0.0693979859352112,-0.0608535148203373,9.77641868591309
23428,4,android.sensor.accelerometer,2019-10-08 15:01:13.0830,0.0673143863677979,-0.0641694515943527,9.77957439422607
23432,4,android.sensor.accelerometer,2019-10-08 15:01:13.1650,0.0660270005464554,-0.0543046556413174,9.76243209838867
23435,4,android.sensor.accelerometer,2019-10-08 15:01:13.2440,0.0728896707296371,-0.0504581145942211,9.77310562133789
23438,4,android.sensor.accelerometer,2019-10-08 15:01:13.3220,0.0681319832801819,-0.0569470040500164,9.77027416229248
23441,4,android.sensor.accelerometer,2019-10-08 15:01:13.3230,0.0700691044330597,-0.0504672713577747,9.77170181274414
23442,4,android.sensor.accelerometer,2019-10-08 15:01:13.4050,0.0691361427307129,-0.057205107063055,9.76592063903809
23446,4,android.sensor.accelerometer,2019-10-08 15:01:13.4830,0.0732197910547257,-0.0655979588627815,9.77590560913086
23449,4,android.sensor.accelerometer,2019-10-08 15:01:13.5639,0.0773928761482239,-0.0585331171751022,9.76030445098877
23454,4,android.sensor.accelerometer,2019-10-08 15:01:13.6470,0.0722146779298782,-0.049661323428154,9.76694965362549
23457,4,android.sensor.accelerometer,2019-10-08 15:01:13.7280,0.0807063579559326,-0.0604152120649815,9.769211769104
23458,4,android.sensor.accelerometer,2019-10-08 15:01:13.7280,0.0705697685480118,-0.0609728209674358,9.76278781890869
23460,4,android.sensor.accelerometer,2019-10-08 15:01:13.8000,0.0783535540103912,-0.0624719299376011,9.77285575866699
23464,4,android.sensor.accelerometer,2019-10-08 15:01:13.8810,0.0776088833808899,-0.055394135415554,9.76823425292969
23467,4,android.sensor.accelerometer,2019-10-08 15:01:13.9610,0.0743751376867294,-0.0547532737255096,9.76395797729492
23471,4,android.sensor.accelerometer,2019-10-08 15:01:14.0420,0.0691841840744019,-0.0692601278424263,9.76785850524902
23475,4,android.sensor.accelerometer,2019-10-08 15:01:14.1230,0.0704215914011002,-0.0565173588693142,9.76833534240723
23476,4,android.sensor.accelerometer,2019-10-08 15:01:14.1230,0.0651269853115082,-0.0490487813949585,9.76611137390137
23479,4,android.sensor.accelerometer,2019-10-08 15:01:14.1980,0.0804990530014038,-0.0656282976269722,9.77909660339356
23481,4,android.sensor.accelerometer,2019-10-08 15:01:14.2810,0.0670990347862244,-0.0604838952422142,9.76853942871094
23485,4,android.sensor.accelerometer,2019-10-08 15:01:14.3630,0.0861600339412689,-0.0596858896315098,9.76861572265625
23489,4,android.sensor.accelerometer,2019-10-08 15:01:14.4420,0.0701663941144943,-0.049571480602026,9.75592422485352
23493,4,android.sensor.accelerometer,2019-10-08 15:01:14.5240,0.0727504789829254,-0.0677494779229164,9.76849555969238
23494,4,android.sensor.accelerometer,2019-10-08 15:01:14.5240,0.0712937712669373,-0.0615332648158073,9.76441287994385
23497,4,android.sensor.accelerometer,2019-10-08 15:01:14.6000,0.0841434597969055,-0.0549683161079884,9.76970767974854
23500,4,android.sensor.accelerometer,2019-10-08 15:01:14.6800,0.0828920602798462,-0.0575828105211258,9.76370620727539
23503,4,android.sensor.accelerometer,2019-10-08 15:01:14.7590,0.0611417293548584,-0.0608266592025757,9.7683219909668
23506,4,android.sensor.accelerometer,2019-10-08 15:01:14.8410,0.0949331074953079,-0.0556547231972218,9.75874328613281
23510,4,android.sensor.accelerometer,2019-10-08 15:01:14.9210,0.0803584009408951,-0.0609943307936192,9.76982975006104
23511,4,android.sensor.accelerometer,2019-10-08 15:01:14.9220,0.0613343268632889,-0.0614488422870636,9.75997161865234
23514,4,android.sensor.accelerometer,2019-10-08 15:01:15.0010,0.0993417650461197,-0.0523838400840759,9.75982189178467
23518,4,android.sensor.accelerometer,2019-10-08 15:01:15.0780,0.0598276704549789,-0.0585956089198589,9.75876808166504
23521,4,android.sensor.accelerometer,2019-10-08 15:01:15.1620,0.0582366585731506,-0.0506649427115917,9.76729965209961
23524,4,android.sensor.accelerometer,2019-10-08 15:01:15.2410,0.0944226384162903,-0.0527356825768948,9.75452518463135
23529,4,android.sensor.accelerometer,2019-10-08 15:01:15.3170,0.0595125705003738,-0.0703825652599335,9.7744140625
23530,4,android.sensor.accelerometer,2019-10-08 15:01:15.3170,0.057446151971817,-0.0612917058169842,9.75963020324707
23532,4,android.sensor.accelerometer,2019-10-08 15:01:15.3980,0.104397356510162,-0.0512620955705643,9.75185871124268
23536,4,android.sensor.accelerometer,2019-10-08 15:01:15.4780,0.0597994029521942,-0.0661963745951653,9.77018451690674
23538,4,android.sensor.accelerometer,2019-10-08 15:01:15.5580,0.0517207980155945,-0.0531649589538574,9.75310516357422
23542,4,android.sensor.accelerometer,2019-10-08 15:01:15.6400,0.119028747081757,-0.0736660212278366,9.75970458984375
23546,4,android.sensor.accelerometer,2019-10-08 15:01:15.7190,0.0473995357751846,-0.0525912493467331,9.76166152954102
23548,4,android.sensor.accelerometer,2019-10-08 15:01:15.7190,0.0710161477327347,-0.0437658429145813,9.77399253845215
23550,4,android.sensor.accelerometer,2019-10-08 15:01:15.7990,0.0750983655452728,-0.0780835151672363,9.76440620422363
23553,4,android.sensor.accelerometer,2019-10-08 15:01:15.8770,0.065624326467514,-0.0560185573995113,9.75724029541016
23557,4,android.sensor.accelerometer,2019-10-08 15:01:15.9540,0.0782440006732941,-0.0636339634656906,9.76041984558106
23561,4,android.sensor.accelerometer,2019-10-08 15:01:16.0370,0.0672696381807327,-0.0607773661613464,9.77155017852783
23565,4,android.sensor.accelerometer,2019-10-08 15:01:16.1180,0.0931296050548553,-0.0622173137962818,9.76304626464844
23568,4,android.sensor.accelerometer,2019-10-08 15:01:16.1950,0.0492673069238663,-0.045711312443018,9.76098251342773
23570,4,android.sensor.accelerometer,2019-10-08 15:01:16.1950,0.0906752645969391,-0.0657231956720352,9.76387214660645
23571,4,android.sensor.accelerometer,2019-10-08 15:01:16.2780,0.0815520882606506,-0.0521896779537201,9.75315666198731
23575,4,android.sensor.accelerometer,2019-10-08 15:01:16.3570,0.0518881380558014,-0.0578447282314301,9.75185966491699
23579,4,android.sensor.accelerometer,2019-10-08 15:01:16.4360,0.0993233025074005,-0.060381505638361,9.77090072631836
23582,4,android.sensor.accelerometer,2019-10-08 15:01:16.5130,0.0734041333198547,-0.0504683665931225,9.76728343963623
23585,4,android.sensor.accelerometer,2019-10-08 15:01:16.5950,0.0228642448782921,-0.0498065650463104,9.74613952636719
23587,4,android.sensor.accelerometer,2019-10-08 15:01:16.5950,0.140402972698212,-0.0578772164881229,9.76517105102539
23590,4,android.sensor.accelerometer,2019-10-08 15:01:16.6730,0.0532756894826889,-0.052228108048439,9.76667785644531
23594,4,android.sensor.accelerometer,2019-10-08 15:01:16.7540,0.0549732446670532,-0.0642234236001968,9.74808120727539
23596,4,android.sensor.accelerometer,2019-10-08 15:01:16.8360,0.120558813214302,-0.0584166310727596,9.76690006256104
23600,4,android.sensor.accelerometer,2019-10-08 15:01:16.9120,0.0329964309930801,-0.0617297738790512,9.75508308410645
23603,4,android.sensor.accelerometer,2019-10-08 15:01:16.9940,0.0712469518184662,-0.0504959933459759,9.76073169708252
23605,4,android.sensor.accelerometer,2019-10-08 15:01:16.9950,0.120808362960815,-0.0651342645287514,9.76723575592041
23609,4,android.sensor.accelerometer,2019-10-08 15:01:17.0930,0.00969640165567398,-0.0509840548038483,9.75575351715088
23612,4,android.sensor.accelerometer,2019-10-08 15:01:17.1710,0.123334482312202,-0.0609000399708748,9.77025699615479
23616,4,android.sensor.accelerometer,2019-10-08 15:01:17.2580,0.0624165832996368,-0.0557585544884205,9.75484657287598
23617,4,android.sensor.accelerometer,2019-10-08 15:01:17.2580,0.0793118476867676,-0.0539727620780468,9.76255035400391
23619,4,android.sensor.accelerometer,2019-10-08 15:01:17.3370,0.0763458609580994,-0.0653667002916336,9.75835227966309
23624,4,android.sensor.accelerometer,2019-10-08 15:01:17.4110,0.0632118880748749,-0.058489665389061,9.7529411315918
23625,4,android.sensor.accelerometer,2019-10-08 15:01:17.4900,0.0732177048921585,-0.0527753122150898,9.76802825927734
23629,4,android.sensor.accelerometer,2019-10-08 15:01:17.5760,0.0791907012462616,-0.0689290389418602,9.76113128662109
23633,4,android.sensor.accelerometer,2019-10-08 15:01:17.6620,0.0640081018209457,-0.0553036667406559,9.75826835632324
23635,4,android.sensor.accelerometer,2019-10-08 15:01:17.6620,0.102245107293129,-0.0580835975706577,9.76071929931641
23637,4,android.sensor.accelerometer,2019-10-08 15:01:17.7440,0.0523443222045898,-0.0587904639542103,9.76331901550293
23641,4,android.sensor.accelerometer,2019-10-08 15:01:17.8200,0.0954266488552094,-0.0635877102613449,9.76379680633545
23644,4,android.sensor.accelerometer,2019-10-08 15:01:17.8970,0.070247009396553,-0.0557449422776699,9.7561206817627
23647,4,android.sensor.accelerometer,2019-10-08 15:01:17.9760,0.0563715398311615,-0.0626433491706848,9.76146221160889
23651,4,android.sensor.accelerometer,2019-10-08 15:01:18.0590,0.105306044220924,-0.0577219687402248,9.75963973999023
23656,4,android.sensor.accelerometer,2019-10-08 15:01:18.1370,0.0605688393115997,-0.0603247955441475,9.76065158843994
23657,4,android.sensor.accelerometer,2019-10-08 15:01:18.1370,0.0796918272972107,-0.0619296692311764,9.75711917877197
23658,4,android.sensor.accelerometer,2019-10-08 15:01:18.2180,0.0919411331415176,-0.0663784742355347,9.75824165344238
23662,4,android.sensor.accelerometer,2019-10-08 15:01:18.2930,0.0426058322191238,-0.0514369495213032,9.76880550384522
23665,4,android.sensor.accelerometer,2019-10-08 15:01:18.3750,0.104717463254929,-0.0661979243159294,9.76526832580566
23669,4,android.sensor.accelerometer,2019-10-08 15:01:18.4520,0.0683766603469849,-0.0654072687029839,9.76003074645996
23673,4,android.sensor.accelerometer,2019-10-08 15:01:18.5290,0.0600874125957489,-0.0704847201704979,9.77108764648438
23674,4,android.sensor.accelerometer,2019-10-08 15:01:18.5290,0.0966504216194153,-0.0604269206523895,9.76352500915527
23676,4,android.sensor.accelerometer,2019-10-08 15:01:18.6080,0.0576908737421036,-0.0549831874668598,9.76481628417969
23680,4,android.sensor.accelerometer,2019-10-08 15:01:18.7030,0.0763682872056961,-0.0534662120044231,9.77172660827637
23683,4,android.sensor.accelerometer,2019-10-08 15:01:18.7740,0.0771552622318268,-0.0611055307090282,9.77462005615234
23687,4,android.sensor.accelerometer,2019-10-08 15:01:18.8580,0.0566600859165192,-0.0520108751952648,9.77563858032227
23690,4,android.sensor.accelerometer,2019-10-08 15:01:18.9380,0.0741149336099625,-0.0575756542384625,9.83043479919434
23692,4,android.sensor.accelerometer,2019-10-08 15:01:18.9390,0.193809553980827,-0.106331132352352,9.75965881347656
23695,4,android.sensor.accelerometer,2019-10-08 15:01:19.0160,0.285082876682281,-0.143337652087212,9.75068759918213
23697,4,android.sensor.accelerometer,2019-10-08 15:01:19.0980,0.293180227279663,-0.106769636273384,9.77750015258789
23701,4,android.sensor.accelerometer,2019-10-08 15:01:19.1760,0.269048094749451,-0.141303032636642,9.7623929977417
23705,4,android.sensor.accelerometer,2019-10-08 15:01:19.2500,0.315325081348419,-0.145819649100304,9.75873374938965
23708,4,android.sensor.accelerometer,2019-10-08 15:01:19.3340,0.293896675109863,-0.147061452269554,9.77168846130371
23710,4,android.sensor.accelerometer,2019-10-08 15:01:19.3350,0.247480258345604,-0.10258349776268,9.77257633209229
23714,4,android.sensor.accelerometer,2019-10-08 15:01:19.4020,0.389043569564819,-0.209018588066101,9.77116298675537
23715,4,android.sensor.accelerometer,2019-10-08 15:01:19.4650,0.145373314619064,0.208154529333115,9.76531600952148
23719,4,android.sensor.accelerometer,2019-10-08 15:01:19.5450,0.282003045082092,-0.378308415412903,9.76706790924072
23722,4,android.sensor.accelerometer,2019-10-08 15:01:19.6240,0.268694698810577,-0.246040776371956,9.76992225646973
23727,4,android.sensor.accelerometer,2019-10-08 15:01:19.7140,0.303055882453918,-0.0427322797477245,9.77229022979736
23729,4,android.sensor.accelerometer,2019-10-08 15:01:19.7970,0.273444771766663,-0.0870511829853058,9.76959419250488
23731,4,android.sensor.accelerometer,2019-10-08 15:01:19.7970,0.264641642570496,-0.132373750209808,9.77160930633545
23735,4,android.sensor.accelerometer,2019-10-08 15:01:19.8740,0.279194831848145,-0.0695126056671143,9.77574729919434
23737,4,android.sensor.accelerometer,2019-10-08 15:01:19.9530,0.239876911044121,-0.0233641192317009,9.74473381042481
23741,4,android.sensor.accelerometer,2019-10-08 15:01:20.0340,0.28473436832428,0.00177580863237381,9.78422260284424
23743,4,android.sensor.accelerometer,2019-10-08 15:01:20.1090,0.0723658204078674,-0.233811721205711,9.7604455947876
23747,4,android.sensor.accelerometer,2019-10-08 15:01:20.1930,0.163741171360016,0.0740265846252441,9.78896045684814
23750,4,android.sensor.accelerometer,2019-10-08 15:01:20.2210,0.196078017354012,-0.602023899555206,9.84731769561768
23752,4,android.sensor.accelerometer,2019-10-08 15:01:20.3100,0.103480309247971,0.209963172674179,9.71798133850098
23756,4,android.sensor.accelerometer,2019-10-08 15:01:20.3930,0.270424842834473,-0.135581031441689,9.75893211364746
23761,4,android.sensor.accelerometer,2019-10-08 15:01:20.4700,0.306370735168457,-0.0827654972672462,9.77178001403809
23762,4,android.sensor.accelerometer,2019-10-08 15:01:20.4700,0.00109728425741196,-0.09542166441679,9.76208972930908
23763,4,android.sensor.accelerometer,2019-10-08 15:01:20.5510,0.57693475484848,0.247965335845947,9.75022888183594
23767,4,android.sensor.accelerometer,2019-10-08 15:01:20.6260,0.0496763736009598,-0.277642905712128,9.78982639312744
23770,4,android.sensor.accelerometer,2019-10-08 15:01:20.6979,0.160380616784096,-0.186917066574097,9.83124732971191
23774,4,android.sensor.accelerometer,2019-10-08 15:01:20.7810,0.230362489819527,-0.22379606962204,9.75381183624268
23777,4,android.sensor.accelerometer,2019-10-08 15:01:20.8600,0.0430192425847054,0.0212885141372681,9.58191394805908
23778,4,android.sensor.accelerometer,2019-10-08 15:01:20.8610,0.0150318816304207,0.0163309872150421,9.93926239013672
23781,4,android.sensor.accelerometer,2019-10-08 15:01:20.9420,0.111074864864349,-0.0690679773688316,9.78644752502441
23785,4,android.sensor.accelerometer,2019-10-08 15:01:21.0190,0.033919021487236,-0.0773363709449768,9.78950881958008
23789,4,android.sensor.accelerometer,2019-10-08 15:01:21.1019,0.104541093111038,-0.0582869425415993,9.77713584899902
23792,4,android.sensor.accelerometer,2019-10-08 15:01:21.1910,0.0782424360513687,-0.0450077801942825,9.77053833007813
23795,4,android.sensor.accelerometer,2019-10-08 15:01:21.2710,0.0547677278518677,-0.0779823735356331,9.78434276580811
23797,4,android.sensor.accelerometer,2019-10-08 15:01:21.2720,0.0959141403436661,-0.0545662008225918,9.77943897247314
23801,4,android.sensor.accelerometer,2019-10-08 15:01:21.3439,0.0674057602882385,-0.0727438628673553,9.76988697052002
23802,4,android.sensor.accelerometer,2019-10-08 15:01:21.4200,0.0776791274547577,-0.0629408657550812,9.78864002227783
23806,4,android.sensor.accelerometer,2019-10-08 15:01:21.4960,0.0896893739700317,-0.0480832643806934,9.77371215820313
23810,4,android.sensor.accelerometer,2019-10-08 15:01:21.5750,0.0420826599001884,-0.072789765894413,9.76304626464844
23813,4,android.sensor.accelerometer,2019-10-08 15:01:21.6560,0.0918587446212769,-0.0645790323615074,9.78066825866699
23815,4,android.sensor.accelerometer,2019-10-08 15:01:21.6560,0.0701803714036942,-0.0536637045443058,9.77515125274658
23818,4,android.sensor.accelerometer,2019-10-08 15:01:21.7360,0.0769984126091003,-0.0521131902933121,9.7731819152832
23821,4,android.sensor.accelerometer,2019-10-08 15:01:21.8149,0.0858153253793716,-0.0516446642577648,9.76981163024902
23824,4,android.sensor.accelerometer,2019-10-08 15:01:21.8950,0.0593220293521881,-0.0523370914161205,9.76216888427734
23828,4,android.sensor.accelerometer,2019-10-08 15:01:21.9740,0.0632790923118591,-0.0529451780021191,9.78090476989746
23831,4,android.sensor.accelerometer,2019-10-08 15:01:22.0540,0.0789090543985367,-0.0506189614534378,9.77620029449463
23832,4,android.sensor.accelerometer,2019-10-08 15:01:22.0540,0.0547148585319519,-0.0521032772958279,9.77482986450195
23835,4,android.sensor.accelerometer,2019-10-08 15:01:22.1350,0.0946733057498932,-0.0721703544259071,9.78610801696777
23839,4,android.sensor.accelerometer,2019-10-08 15:01:22.2150,0.0448881387710571,-0.056521262973547,9.78183841705322
23842,4,android.sensor.accelerometer,2019-10-08 15:01:22.2960,0.0827058851718903,-0.0686128959059715,9.78284549713135
23846,4,android.sensor.accelerometer,2019-10-08 15:01:22.3710,0.0720973014831543,-0.0594684407114983,9.77781677246094
23849,4,android.sensor.accelerometer,2019-10-08 15:01:22.4560,0.0619803667068481,-0.0633711963891983,9.78233337402344
23851,4,android.sensor.accelerometer,2019-10-08 15:01:22.4570,0.0776383429765701,-0.0663821026682854,9.77964115142822
23853,4,android.sensor.accelerometer,2019-10-08 15:01:22.5350,0.0673839598894119,-0.0658598020672798,9.77884769439697
23857,4,android.sensor.accelerometer,2019-10-08 15:01:22.6170,0.0700384974479675,-0.0525618009269238,9.77537631988525
23860,4,android.sensor.accelerometer,2019-10-08 15:01:22.6939,0.0885783433914185,-0.0689898654818535,9.77975940704346
23863,4,android.sensor.accelerometer,2019-10-08 15:01:22.7760,0.0442705079913139,-0.053406972438097,9.77994728088379
23867,4,android.sensor.accelerometer,2019-10-08 15:01:22.8570,0.0851876884698868,-0.0733334645628929,9.77787590026856
23869,4,android.sensor.accelerometer,2019-10-08 15:01:22.8580,0.0719825476408005,-0.0599429458379746,9.77878856658936
23871,4,android.sensor.accelerometer,2019-10-08 15:01:22.9330,0.0622213780879974,-0.0667059347033501,9.77693939208984
23875,4,android.sensor.accelerometer,2019-10-08 15:01:23.0180,0.0817118138074875,-0.0608899593353272,9.77512168884277
23878,4,android.sensor.accelerometer,2019-10-08 15:01:23.0920,0.0656470209360123,-0.0598976276814938,9.77468681335449
23881,4,android.sensor.accelerometer,2019-10-08 15:01:23.1710,0.0646472275257111,-0.0610696114599705,9.77767181396484
23886,4,android.sensor.accelerometer,2019-10-08 15:01:23.2540,0.0779293924570084,-0.0519226975739002,9.78089904785156
23887,4,android.sensor.accelerometer,2019-10-08 15:01:23.2540,0.0566608309745789,-0.0652476474642754,9.78086757659912
23890,4,android.sensor.accelerometer,2019-10-08 15:01:23.3310,0.0800126791000366,-0.0603288449347019,9.77542495727539
23892,4,android.sensor.accelerometer,2019-10-08 15:01:23.4120,0.0634000301361084,-0.060157548636198,9.77437686920166
23896,4,android.sensor.accelerometer,2019-10-08 15:01:23.4960,0.0717816650867462,-0.0696941763162613,9.7844705581665
23899,4,android.sensor.accelerometer,2019-10-08 15:01:23.5729,0.0784463286399841,-0.0601684339344502,9.77608394622803
23903,4,android.sensor.accelerometer,2019-10-08 15:01:23.6500,0.0698201805353165,-0.0598443262279034,9.7785587310791
23904,4,android.sensor.accelerometer,2019-10-08 15:01:23.6500,0.0779211521148682,-0.0666631683707237,9.77320671081543
23907,4,android.sensor.accelerometer,2019-10-08 15:01:23.7310,0.0731137096881866,-0.0644628182053566,9.78332614898682
23911,4,android.sensor.accelerometer,2019-10-08 15:01:23.8090,0.0815906822681427,-0.0578996390104294,9.77758979797363
23914,4,android.sensor.accelerometer,2019-10-08 15:01:23.8890,0.0766409933567047,-0.064218208193779,9.78190994262695
23917,4,android.sensor.accelerometer,2019-10-08 15:01:23.9720,0.069534569978714,-0.0641960799694061,9.77604675292969
23921,4,android.sensor.accelerometer,2019-10-08 15:01:24.0470,0.0696775913238525,-0.0565718486905098,9.77818202972412
23924,4,android.sensor.accelerometer,2019-10-08 15:01:24.1320,0.0752436220645905,-0.0634302794933319,9.77081871032715
23926,4,android.sensor.accelerometer,2019-10-08 15:01:24.1320,0.0569939911365509,-0.0595843195915222,9.77638339996338
23929,4,android.sensor.accelerometer,2019-10-08 15:01:24.2130,0.0851977467536926,-0.0621128566563129,9.77477741241455
23931,4,android.sensor.accelerometer,2019-10-08 15:01:24.2880,0.0697708576917648,-0.0633559077978134,9.76566886901856
23935,4,android.sensor.accelerometer,2019-10-08 15:01:24.3660,0.0741513967514038,-0.0497859418392181,9.77221012115479
23939,4,android.sensor.accelerometer,2019-10-08 15:01:24.4500,0.0692786276340485,-0.0543927401304245,9.76805686950684
23942,4,android.sensor.accelerometer,2019-10-08 15:01:24.5330,0.0633787363767624,-0.0664844289422035,9.77781486511231
23943,4,android.sensor.accelerometer,2019-10-08 15:01:24.5340,0.0683298856019974,-0.0584311261773109,9.77860832214356
23947,4,android.sensor.accelerometer,2019-10-08 15:01:24.6110,0.0866061002016068,-0.0572217702865601,9.77435302734375
23950,4,android.sensor.accelerometer,2019-10-08 15:01:24.6899,0.0735268741846085,-0.0580915510654449,9.77472877502441
23953,4,android.sensor.accelerometer,2019-10-08 15:01:24.7690,0.0770130306482315,-0.0600289367139339,9.77482414245606
23957,4,android.sensor.accelerometer,2019-10-08 15:01:24.8490,0.0649979412555695,-0.0601617656648159,9.76774787902832
23961,4,android.sensor.accelerometer,2019-10-08 15:01:24.9290,0.0667939484119415,-0.0646612569689751,9.77891635894775
23962,4,android.sensor.accelerometer,2019-10-08 15:01:24.9290,0.072019949555397,-0.0656472444534302,9.78599262237549
23964,4,android.sensor.accelerometer,2019-10-08 15:01:25.0070,0.0656140595674515,-0.0630732998251915,9.7775239944458
23968,4,android.sensor.accelerometer,2019-10-08 15:01:25.0880,0.0716652572154999,-0.0663752555847168,9.76850986480713
23971,4,android.sensor.accelerometer,2019-10-08 15:01:25.1690,0.072701707482338,-0.0612660795450211,9.77243423461914
23975,4,android.sensor.accelerometer,2019-10-08 15:01:25.2490,0.0762201547622681,-0.0737744197249413,9.78166389465332
23978,4,android.sensor.accelerometer,2019-10-08 15:01:25.3290,0.0687919408082962,-0.0523793585598469,9.77426338195801
23980,4,android.sensor.accelerometer,2019-10-08 15:01:25.3300,0.0691116452217102,-0.062521755695343,9.78072452545166
23983,4,android.sensor.accelerometer,2019-10-08 15:01:25.4120,0.0777936279773712,-0.0604659393429756,9.77478122711182
23986,4,android.sensor.accelerometer,2019-10-08 15:01:25.4920,0.0682121515274048,-0.0612013787031174,9.77528190612793
23989,4,android.sensor.accelerometer,2019-10-08 15:01:25.5719,0.0734771490097046,-0.066280834376812,9.77809906005859
23993,4,android.sensor.accelerometer,2019-10-08 15:01:25.6460,0.0808464735746384,-0.0680141821503639,9.7853479385376
23996,4,android.sensor.accelerometer,2019-10-08 15:01:25.7310,0.0614348649978638,-0.0569097585976124,9.78186988830566
23998,4,android.sensor.accelerometer,2019-10-08 15:01:25.7320,0.0749743729829788,-0.0593197233974934,9.78559589385986
24001,4,android.sensor.accelerometer,2019-10-08 15:01:25.8070,0.0724561214447022,-0.0536216795444489,9.7780704498291
24003,4,android.sensor.accelerometer,2019-10-08 15:01:25.8890,0.0689437538385391,-0.0590061247348785,9.77681541442871
24007,4,android.sensor.accelerometer,2019-10-08 15:01:25.9670,0.0702540427446365,-0.0606751218438149,9.77786254882813
24011,4,android.sensor.accelerometer,2019-10-08 15:01:26.0480,0.0657032877206802,-0.057105116546154,9.77481555938721
24014,4,android.sensor.accelerometer,2019-10-08 15:01:26.1240,0.0662448406219482,-0.061918318271637,9.77826023101807
24016,4,android.sensor.accelerometer,2019-10-08 15:01:26.1240,0.0615831762552261,-0.0604647509753704,9.77795505523682
24019,4,android.sensor.accelerometer,2019-10-08 15:01:26.2080,0.0651120543479919,-0.0626064985990524,9.78167533874512
24022,4,android.sensor.accelerometer,2019-10-08 15:01:26.2819,0.0730529427528381,-0.0542073138058186,9.77305221557617
24025,4,android.sensor.accelerometer,2019-10-08 15:01:26.3650,0.0630020648241043,-0.0563362985849381,9.77262496948242
24029,4,android.sensor.accelerometer,2019-10-08 15:01:26.4450,0.0499851405620575,-0.0593293756246567,9.77917861938477
24033,4,android.sensor.accelerometer,2019-10-08 15:01:26.5240,0.0557713657617569,-0.0580394826829433,9.77797889709473
24035,4,android.sensor.accelerometer,2019-10-08 15:01:26.5240,0.0374268665909767,-0.0473797135055065,9.77125644683838
24036,4,android.sensor.accelerometer,2019-10-08 15:01:26.6060,0.0516530573368073,-0.0549338050186634,9.76687812805176
24040,4,android.sensor.accelerometer,2019-10-08 15:01:26.7050,0.0559034645557404,-0.0562790222465992,9.76775932312012
24044,4,android.sensor.accelerometer,2019-10-08 15:01:26.7830,0.0574896931648254,-0.0609097965061665,9.7677001953125
24048,4,android.sensor.accelerometer,2019-10-08 15:01:26.8630,0.0809004902839661,-0.0623628310859203,9.78772163391113
24050,4,android.sensor.accelerometer,2019-10-08 15:01:26.8640,0.0670395046472549,-0.0632437020540237,9.77748680114746
24051,4,android.sensor.accelerometer,2019-10-08 15:01:26.9400,0.0728011876344681,-0.0636994242668152,9.7753381729126
24055,4,android.sensor.accelerometer,2019-10-08 15:01:27.0220,0.0645127445459366,-0.0652317479252815,9.78513431549072
24058,4,android.sensor.accelerometer,2019-10-08 15:01:27.1060,0.0701788067817688,-0.0606034882366657,9.77520084381104
24062,4,android.sensor.accelerometer,2019-10-08 15:01:27.1860,0.0950762629508972,-0.0812849104404449,9.771897315979
24065,4,android.sensor.accelerometer,2019-10-08 15:01:27.2650,0.0692843496799469,-0.0570879988372326,9.78430366516113
24066,4,android.sensor.accelerometer,2019-10-08 15:01:27.2650,0.078766942024231,-0.0692310556769371,9.77375984191895
24070,4,android.sensor.accelerometer,2019-10-08 15:01:27.3400,0.0632406026124954,-0.0555220209062099,9.77366447448731
