TIMESTAMP,X,Y,Z,ACTIVITY
276820622957030,1.40639460086823,-9.68181037902832,-1.12844705581665,stationary
276820642894269,1.62358736991882,-9.69139957427979,-0.94646167755127,stationary
276820662831509,1.58015120029449,-9.72016048431397,-0.836312413215637,stationary
276820682768748,1.49327647686005,-9.73454284667969,-0.898569345474243,stationary
276820702705936,1.41122841835022,-9.74413013458252,-0.817154407501221,stationary
276820722643176,1.38227140903473,-9.73933792114258,-0.874622344970703,stationary
276820742580415,1.26643812656403,-9.71057510375977,-0.932090222835541,stationary
276820762517655,1.25196039676666,-9.73933887481689,-0.821940898895264,stationary
276820782454894,1.16991233825684,-9.8064489364624,-0.601643085479736,stationary
276820802392134,1.06855845451355,-9.80165576934814,-0.515439033508301,stationary
276820822329373,0.961458325386047,-9.73431491851807,-0.712217450141907,stationary
276820842266613,0.864912748336792,-9.56173896789551,-1.11450636386871,stationary
276820862203853,0.922814190387726,-9.47544956207275,-1.0187326669693,stationary
276820882141092,1.1110303401947,-9.59049224853516,-0.46799772977829,stationary
276820902078280,1.28476703166962,-9.79182243347168,-0.448849022388458,stationary
276820922015519,1.37645363807678,-9.88769149780273,-0.841559827327728,stationary
276820941952759,1.58397567272186,-9.71511650085449,-0.98045015335083,stationary
276820961889998,1.55500054359436,-9.56171417236328,-0.784106075763702,stationary
276820981827238,1.25574362277985,-9.67675876617432,-0.736222922801971,stationary
276821001764478,0.975792169570923,-9.80138874053955,-0.889480531215668,stationary
276821021701717,1.00473487377167,-9.79179859161377,-0.94216775894165,stationary
276821041638957,1.22190976142883,-9.7342700958252,-0.85118305683136,stationary
276821061574478,1.37151408195496,-9.75344085693359,-0.635682642459869,stationary
276821081509842,1.32805967330933,-9.82534122467041,-0.683580815792084,stationary
276821101445259,1.27495241165161,-9.74384498596191,-1.01882290840149,stationary
276821121380676,1.4197301864624,-9.66234874725342,-1.0379866361618,stationary
276821141316040,1.58381402492523,-9.64796447753906,-1.01404881477356,stationary
276821161251457,1.58862435817719,-9.59523010253906,-1.0140563249588,stationary
276821181186821,1.46794652938843,-9.63836860656738,-0.88475912809372,stationary
276821201122238,1.27004504203796,-9.71985626220703,-0.875188529491425,stationary
276821221057655,1.05766427516937,-9.79655075073242,-0.750680327415466,stationary
276821240993019,0.888721704483032,-9.76778602600098,-0.626172184944153,stationary
276821260928436,0.850093841552734,-9.71984481811523,-0.583078145980835,stationary
276821280863801,0.941780626773834,-9.73901557922363,-0.645343482494354,stationary
276821300799217,1.13964974880219,-9.82529640197754,-0.803390145301819,stationary
276821320734634,1.29408037662506,-9.82049942016602,-0.726772665977478,stationary
276821340669998,1.43885827064514,-9.77735233306885,-0.525639474391937,stationary
276821360605415,1.25543642044067,-9.67188739776611,-0.530436038970947,stationary
276821380540780,0.874129235744476,-9.65270900726318,-0.717217028141022,stationary
276821400476196,0.816195428371429,-9.75337219238281,-0.750747978687286,stationary
276821420411613,0.946493804454803,-9.78213024139404,-0.487356960773468,stationary
276821440346978,0.985089480876923,-9.79171276092529,-0.472997307777405,stationary
276821460282394,1.0236850976944,-9.7245979309082,-0.722036182880402,stationary
276821480217759,1.1588100194931,-9.71979999542236,-0.496957659721375,stationary
276821500153176,1.18775248527527,-9.83963775634766,-0.434707343578339,stationary
276821520088592,1.12016594409943,-9.806077003479,-0.664589941501617,stationary
276821540023957,1.14910852909088,-9.6143274307251,-0.597550570964813,stationary
276821559958384,1.18287765979767,-9.60952949523926,-0.540089309215546,stationary
276821579892655,1.08150565624237,-9.75812911987305,-0.611932814121246,stationary
276821599826873,0.999439537525177,-9.87317276000977,-0.769979476928711,stationary
276821619761144,1.04286158084869,-9.79167652130127,-0.760408818721771,stationary
276821639695415,1.22625112533569,-9.69100570678711,-0.516174077987671,stationary
276821659629634,1.36137616634369,-9.67182731628418,-0.659853577613831,stationary
276821679563905,1.30826878547668,-9.71017169952393,-0.793954849243164,stationary
276821699498123,1.21172344684601,-9.77727890014648,-0.611977934837341,stationary
276821719432394,1.15378952026367,-9.76768779754639,-0.650297939777374,stationary
276821739366613,1.13446748256683,-9.72454166412354,-0.750875771045685,stationary
276821759300884,1.09101319313049,-9.73891830444336,-0.60242235660553,stationary
276821779235155,1.15374100208282,-9.77726268768311,-0.664687752723694,stationary
276821799169373,1.2116425037384,-9.74370288848877,-0.664695262908936,stationary
276821819103644,1.16510212421417,-9.74892902374268,-0.606424570083618,stationary
276821839037863,1.11202907562256,-9.7729024887085,-0.587259948253632,stationary
276821858972134,1.1265264749527,-9.72976398468018,-0.4723140001297,stationary
276821878906405,1.18446207046509,-9.73456287384033,-0.510618150234222,stationary
276821898840623,1.17965352535248,-9.75853443145752,-0.649492621421814,stationary
276821918774894,1.18932449817657,-9.74895191192627,-0.515390455722809,stationary
276821938709113,1.1652102470398,-9.76333808898926,-0.496225833892822,stationary
276821958643384,1.11696350574493,-9.78731060028076,-0.572842478752136,stationary
276821978577603,1.14594042301178,-9.72499752044678,-0.639880955219269,stationary
276821998511873,1.11699962615967,-9.71062088012695,-0.563247561454773,stationary
276822018446144,1.13632345199585,-9.74418163299561,-0.544082939624786,stationary
276822038380363,1.17012691497803,-9.74897956848145,-0.558441758155823,stationary
276822058314894,1.01569795608521,-9.72980880737305,-0.54406613111496,stationary
276822078249582,0.933665931224823,-9.78254413604736,-0.481799960136414,stationary
276822098184217,0.977122128009796,-9.79213619232178,-0.453057169914246,stationary
276822118118853,0.996446073055267,-9.76817226409912,-0.567986369132996,stationary
276822138053488,1.00129055976868,-9.70585918426514,-0.711649894714356,stationary
276822157988123,1.0640527009964,-9.71545124053955,-0.558391511440277,stationary
276822177922759,1.17990589141846,-9.75859832763672,-0.534437775611877,stationary
276822197857446,1.20405638217926,-9.73463439941406,-0.649366915225983,stationary
276822217792082,1.1558096408844,-9.71067047119141,-0.543999135494232,stationary
276822237726717,1.09791004657745,-9.75381851196289,-0.472154796123505,stationary
276822257661353,0.996572196483612,-9.78737831115723,-0.510458946228027,stationary
276822277595988,0.986937284469605,-9.76820850372314,-0.529606819152832,stationary
276822297530623,1.03039348125458,-9.78259372711182,-0.476918697357178,stationary
276822317465311,1.13176739215851,-9.77301120758057,-0.543957233428955,stationary
276822337399946,1.14626479148865,-9.76342868804932,-0.486480116844177,stationary
276822357334582,1.04975342750549,-9.79698848724365,-0.438581049442291,stationary
276822377269217,1.01598620414734,-9.79699325561523,-0.519986808300018,stationary
276822397203853,1.09322762489319,-9.74906158447266,-0.505611181259155,stationary
276822417138488,1.06911337375641,-9.68674850463867,-0.596595048904419,stationary
276822437073123,1.03051960468292,-9.66278457641602,-0.658844530582428,stationary
276822457007811,1.09810829162598,-9.7586612701416,-0.539109528064728,stationary
276822476942446,1.23809373378754,-9.87850761413574,-0.361905753612518,stationary
276822496877082,1.24776482582092,-9.81619453430176,-0.227803558111191,stationary
276822516811717,1.06437695026398,-9.72032642364502,-0.457670271396637,stationary
276822536746353,0.919600963592529,-9.68198108673096,-0.692326009273529,stationary
276822556681353,0.934098362922668,-9.66760540008545,-0.625270783901215,stationary
276822576616561,0.885851740837097,-9.75389575958252,-0.486379504203796,stationary
276822596551769,0.900349080562592,-9.81142330169678,-0.548628985881805,stationary
276822616486978,1.06929361820221,-9.78266620635986,-0.433683097362518,stationary
276822636422186,1.13688218593597,-9.75390911102295,-0.371416836977005,stationary
276822656357394,1.09828853607178,-9.74911975860596,-0.462400674819946,stationary
276822676292603,1.09347999095917,-9.72994899749756,-0.462392330169678,stationary
276822696227811,1.12728321552277,-9.72516059875488,-0.43364953994751,stationary
276822716163019,1.07421016693115,-9.75872039794922,-0.495899021625519,stationary
276822736098228,0.958392858505249,-9.79228019714356,-0.510257840156555,stationary
276822756033436,0.910146236419678,-9.76831722259522,-0.495882272720337,stationary
276822775968644,1.02117300033569,-9.78749561309814,-0.400092601776123,stationary
276822795903853,1.09358811378479,-9.79708862304688,-0.414451360702515,stationary
276822815839061,1.07397139072418,-9.73469257354736,-0.500799059867859,stationary
276822835774269,1.02089178562164,-9.71552085876465,-0.596575021743774,stationary
276822855709478,1.01125037670136,-9.6867618560791,-0.668405592441559,stationary
276822875644686,1.08848547935486,-9.75866889953613,-0.505572080612183,stationary
276822895579894,1.07884407043457,-9.82098960876465,-0.381051003932953,stationary
276822915515051,0.885796844959259,-9.7922306060791,-0.50077223777771,stationary
276822935450259,0.803758442401886,-9.74909114837647,-0.548657536506653,stationary
276822955385467,0.885819971561432,-9.73471260070801,-0.443292737007141,stationary
276822975320676,1.00166666507721,-9.74430274963379,-0.481599926948547,stationary
276822995255884,1.03546357154846,-9.74909973144531,-0.52948522567749,stationary
276823015191092,0.996863305568695,-9.76348304748535,-0.486378192901611,stationary
276823035126301,0.977568924427033,-9.7922477722168,-0.404958784580231,stationary
276823055061144,0.929315865039825,-9.78266334533691,-0.481578409671783,stationary
276823074995676,0.963112711906433,-9.76828575134277,-0.361846446990967,stationary
276823094930207,1.01621544361115,-9.80663681030273,-0.357051998376846,stationary
276823114864790,0.967962145805359,-9.77308464050293,-0.495929539203644,stationary
276823134799321,1.03071784973145,-9.72515106201172,-0.414510011672974,stationary
276823154733853,1.05003535747528,-9.77309131622314,-0.390559375286102,stationary
276823174668436,0.948690950870514,-9.79706287384033,-0.500702440738678,stationary
276823194602967,0.987314224243164,-9.74433517456055,-0.462384581565857,stationary
276823214537498,0.99697870016098,-9.73954486846924,-0.428855776786804,stationary
276823234472082,0.919766783714294,-9.75872135162354,-0.491108238697052,stationary
276823254406613,0.929431259632111,-9.74913787841797,-0.51025915145874,stationary
276823274341144,1.0114928483963,-9.76831531524658,-0.40010529756546,stationary
276823294275728,1.01150441169739,-9.79228591918945,-0.366576492786407,stationary
276823314210259,1.03082180023193,-9.76832103729248,-0.438407063484192,stationary
276823334144790,1.02600693702698,-9.75394248962402,-0.328253209590912,stationary
276823354079373,0.943968415260315,-9.76353263854981,-0.342615038156509,stationary
276823374013905,0.905368149280548,-9.78750324249268,-0.481492519378662,stationary
276823393948436,0.96812379360199,-9.72998237609863,-0.486276268959045,stationary
276823413883019,0.953655958175659,-9.72998523712158,-0.481481790542603,stationary
276823433817551,0.977799832820892,-9.78751182556152,-0.419218599796295,stationary
276823453752082,1.08882021903992,-9.79230880737305,-0.400056958198547,stationary
276823473686665,1.09365820884705,-9.77793121337891,-0.414418756961823,stationary
276823493621196,1.02609920501709,-9.71561622619629,-0.481460332870483,stationary
276823513555728,1.0164577960968,-9.72041320800781,-0.61554878950119,stationary
276823533490311,1.04542803764343,-9.73959064483643,-0.500605881214142,stationary
276823553425415,1.06957197189331,-9.76835536956787,-0.428764522075653,stationary
276823573361040,0.968227684497833,-9.79232597351074,-0.423970103263855,stationary
276823593296717,0.948933362960815,-9.73001098632813,-0.596371054649353,stationary
276823613232342,1.04064786434174,-9.71563339233398,-0.505373418331146,stationary
276823633168019,1.11788284778595,-9.78754043579102,-0.395219624042511,stationary
276823653103696,1.09376204013824,-9.77795696258545,-0.395214200019836,stationary
276823673039321,1.09860014915466,-9.72522926330566,-0.476622939109802,stationary
276823692974998,1.12757039070129,-9.75878715515137,-0.490984797477722,stationary
276823712910623,1.06966435909271,-9.7923469543457,-0.438299715518951,stationary
276823732846301,1.01658475399017,-9.75879383087158,-0.428716242313385,stationary
276823752781926,0.977984547615051,-9.76838493347168,-0.443077981472015,stationary
276823772717603,0.99247545003891,-9.77318096160889,-0.433494567871094,stationary
276823792653280,1.02144587039948,-9.74921607971191,-0.452645421028137,stationary
276823812588905,1.09315323829651,-9.72507381439209,-0.515223979949951,stationary
276823832524582,1.10763025283813,-9.73466110229492,-0.539170324802399,stationary
276823852460207,1.09314870834351,-9.74424743652344,-0.462546408176422,stationary
276823872395884,1.07384049892426,-9.74424648284912,-0.467336535453796,stationary
276823892331509,1.00144100189209,-9.75383377075195,-0.462548553943634,stationary
276823912267186,0.938694655895233,-9.74903869628906,-0.467338681221008,stationary
276823932202863,0.972477734088898,-9.75383281707764,-0.385925650596619,stationary
276823952138488,1.00143420696259,-9.76821327209473,-0.472129881381989,stationary
276823972074165,1.01591145992279,-9.753830909729,-0.419451236724854,stationary
276823992009790,1.02556192874908,-9.77779865264893,-0.357194483280182,stationary
276824011945467,0.933856725692749,-9.79217910766602,-0.481711268424988,stationary
276824031881092,0.962813258171082,-9.7394495010376,-0.534392058849335,stationary
276824051816873,1.06899333000183,-9.71547985076904,-0.4817134141922,stationary
276824071752863,1.05933797359467,-9.78738307952881,-0.476925432682037,stationary
276824091688853,1.01589751243591,-9.85928821563721,-0.543973386287689,stationary
276824111624842,1.05450689792633,-9.75382709503174,-0.491294741630554,stationary
276824131560832,1.09311640262604,-9.67233371734619,-0.510452091693878,stationary
276824151496821,1.04967570304871,-9.73944568634033,-0.529609441757202,stationary
276824171432811,0.996582329273224,-9.76820659637451,-0.539188623428345,stationary
276824191368801,0.996579945087433,-9.75861835479736,-0.510455310344696,stationary
276824211304790,1.01105713844299,-9.7394437789917,-0.596659541130066,stationary
276824231240780,0.972443103790283,-9.7490291595459,-0.682863712310791,stationary
276824251176769,0.996573030948639,-9.75382328033447,-0.572716355323792,stationary
276824271112759,1.02552962303162,-9.79217147827148,-0.491303324699402,stationary
276824291048748,1.06413900852203,-9.78737735748291,-0.630187273025513,stationary
276824310984738,1.06896328926086,-9.73464679718018,-0.620610237121582,stationary
276824330920728,1.0351756811142,-9.76820182800293,-0.587087869644165,stationary
276824350856717,1.00138795375824,-9.80655002593994,-0.601456105709076,stationary
276824370792707,1.09308862686157,-9.75381946563721,-0.711605727672577,stationary
276824390728696,1.15583038330078,-9.68670845031738,-0.850489675998688,stationary
276824410664686,1.11721634864807,-9.73464393615723,-0.759498476982117,stationary
276824430600676,1.05446982383728,-9.74423027038574,-0.644562005996704,stationary
276824450536665,1.1075587272644,-9.73464298248291,-0.587094306945801,stationary
276824470472655,1.11720943450928,-9.7202615737915,-0.654142260551453,stationary
276824490408644,1.05928957462311,-9.74902248382568,-0.725979328155518,stationary
276824510344634,0.99171656370163,-9.71546649932861,-0.754714787006378,stationary
276824530280623,1.01584672927856,-9.69629001617432,-0.72598147392273,stationary
276824550216144,1.09306788444519,-9.78257656097412,-0.67330276966095,stationary
276824570150728,1.11237144470215,-9.78736877441406,-0.587100744247437,stationary
276824590085311,1.09788966178894,-9.74422645568848,-0.721195638179779,stationary
276824610019946,1.10271382331848,-9.71066951751709,-0.639782607555389,stationary
276824629954530,1.06409978866577,-9.73943138122559,-0.611049294471741,stationary
276824649889113,1.04479157924652,-9.78257369995117,-0.620628476142883,stationary
276824669823696,1.14131879806519,-9.78736591339111,-0.57752799987793,stationary
276824689758332,1.22819268703461,-9.71066665649414,-0.409911751747131,stationary
276824709692915,1.10752868652344,-9.70107936859131,-0.409912824630737,stationary
276824729627498,0.880682468414307,-9.80653858184814,-0.721203148365021,stationary
276824749562082,0.779324352741241,-9.79215812683106,-0.802618265151978,stationary
276824769496978,0.856750011444092,-9.67716121673584,-0.563071012496948,stationary
276824789432030,1.01602351665497,-9.65798664093018,-0.385875642299652,stationary
276824809367082,1.03532946109772,-9.72989082336426,-0.376297533512115,accel
276824829302082,0.851923525333405,-9.81617641448975,-0.424188137054443,accel
276824849237134,0.726435363292694,-9.78741455078125,-0.357141256332397,accel
276824869172186,0.919494092464447,-9.64360523223877,-0.500813186168671,accel
276824889107238,1.15116465091705,-9.59087467193604,-0.500813186168671,accel
276824909042290,1.21390879154205,-9.62922477722168,-0.409820914268494,accel
276824928977342,1.23321449756622,-9.64839935302734,-0.519969463348389,accel
276824948912394,1.40696740150452,-9.54293918609619,-0.433766305446625,accel
276824968847446,1.29595863819122,-9.5285587310791,-0.400242805480957,accel
276824988782498,1.00637066364288,-9.57170104980469,-0.55828195810318,accel
276825008717551,0.866402924060822,-9.50938320159912,-0.658852338790894,accel
276825028652551,1.03532946109772,-9.48062133789063,-0.716321110725403,accel
276825048587655,1.30561149120331,-9.53814506530762,-0.831258654594421,accel
276825068522967,1.3924880027771,-9.51897048950195,-0.874360263347626,accel
276825088458332,1.27182626724243,-9.47582817077637,-0.94619619846344,accel
276825108393644,1.28147923946381,-9.6819543838501,-0.922250866889954,accel
276825128328957,1.41179394721985,-10.0990028381348,-1.08029007911682,accel
276825148264321,1.64829075336456,-9.77303409576416,-1.47778236865997,accel
276825168199634,1.77377891540527,-9.11630439758301,-1.56877458095551,accel
276825188134946,1.43592619895935,-9.16424083709717,-1.47299337387085,accel
276825208070311,0.789179444313049,-9.7682409286499,-1.95668888092041,accel
276825228005623,0.065209351480007,-10.1661128997803,-2.72293925285339,accel
276825247940936,-0.822860717773438,-10.0270977020264,-2.75167346000671,accel
276825267876301,-1.27172207832336,-9.53335094451904,-2.13388419151306,accel
276825287811613,-0.451222687959671,-9.61963748931885,-1.30058693885803,accel
276825307746926,0.581641316413879,-9.91204929351807,-0.457711577415466,accel
276825327682290,0.547856092453003,-9.79220867156982,-0.553492903709412,accel
276825347617603,-0.306428641080856,-9.36557388305664,-1.47299337387085,accel
276825367552915,-1.20897793769836,-9.17862224578857,-1.11381351947784,accel
276825387488280,-1.07866334915161,-9.32722473144531,-0.534336626529694,accel
276825407423592,-0.726331293582916,-9.35598659515381,-0.433766305446625,accel
276825427358905,-0.740810751914978,-9.24093914031982,-1.14254784584045,accel
276825447294269,-0.803554773330689,-9.44706630706787,-1.50651681423187,accel
276825467229582,-0.663587212562561,-9.87370109558106,-0.984508693218231,accel
276825487164894,-0.214725777506828,-10.161319732666,-0.840836822986603,accel
276825507100259,0.28722682595253,-10.0606527328491,-1.01324319839478,accel
276825527035571,0.504417896270752,-9.70592308044434,-1.52088391780853,accel
276825546970780,0.596120715141296,-9.48541450500488,-2.42601728439331,accel
276825566905728,0.876055896282196,-9.31284427642822,-1.88964200019836,accel
276825586840623,0.258268058300018,-9.7538595199585,-0.54391473531723,accel
276825606775519,-1.87985694408417,-10.8947477340698,-1.21917283535004,accel
276825626710467,-3.11543273925781,-11.9829063415527,-2.73251724243164,accel
276825646645363,-2.40088391304016,-12.6876306533813,-2.21040153503418,accel
276825666580259,-1.28596985340118,-12.7691230773926,0.835443556308746,accel
276825686515207,-0.576479196548462,-13.0279808044434,2.348788022995,accel
276825706450103,-0.919158339500427,-13.7518215179443,1.35745167732239,accel
276825726384998,-2.18369293212891,-14.1065511703491,-0.218150675296783,accel
276825746319946,-2.68081903457642,-13.6895036697388,0.643880963325501,accel
276825766254842,-2.72425723075867,-12.5677900314331,3.74719500541687,accel
276825786189738,-2.23678398132324,-10.9810914993286,6.19919586181641,accel
276825806124686,-1.03981995582581,-10.4537906646729,3.14377284049988,accel
276825826059582,1.05969333648682,-11.5946788787842,-2.99580836296082,accel
276825845994478,3.05785083770752,-13.1478214263916,-5.43344211578369,accel
276825865929426,4.01831769943237,-13.2341070175171,-5.83572340011597,accel
276825885864321,2.72482466697693,-11.5419483184814,-4.76776170730591,accel
276825905799217,1.23344600200653,-10.2524576187134,-1.97094833850861,accel
276825925734165,-0.166229471564293,-10.2908067703247,2.14285826683044,accel
276825945669061,-0.190361797809601,-9.85458469390869,4.52302312850952,accel
276825965603957,0.519128918647766,-9.34166431427002,2.20032691955566,accel
276825985538905,1.35410785675049,-8.60823535919189,-2.03320622444153,accel
276826005473801,0.972816944122314,-6.48944330215454,-3.14426898956299,accel
276826025408696,0.326070189476013,-5.04655456542969,-1.48725283145905,accel
276826045343540,1.38306665420532,-5.08490324020386,0.471474647521973,accel
276826065277915,2.49315404891968,-5.33417320251465,0.945592105388641,accel
276826085212290,2.64760112762451,-5.05614185333252,-0.318721026182175,accel
276826105146665,3.0047595500946,-4.3658561706543,-1.3627370595932,accel
276826125081092,3.72872972488403,-3.81458640098572,-0.979611933231354,accel
276826145015467,3.5260181427002,-4.23642778396606,0.787552952766418,accel
276826164949842,1.19000792503357,-6.53737926483154,3.48379635810852,accel
276826184884217,-3.09106874465942,-11.2111873626709,8.92896366119385,accel
276826204818592,-11.1947078704834,-16.642391204834,9.99692440032959,walking
276826224752967,-14.3850030899048,-20.1561374664307,6.9702353477478,walking
276826244687394,-7.50728607177734,-16.5465183258057,9.58985424041748,walking
276826264621769,-1.85549306869507,-8.29185390472412,3.16292905807495,walking
276826284556144,0.828022837638855,-6.04363393783569,-3.66148805618286,walking
276826304490519,2.7199981212616,-9.09718799591064,-5.87882518768311,walking
276826324424894,3.56462979316711,-12.7355670928955,-4.93537902832031,walking
276826344359321,1.17070198059082,-19.1255016326904,4.09200763702393,walking
276826364293696,-0.779190838336945,-17.7161693572998,7.96635961532593,walking
276826384228071,6.14679002761841,-8.2391242980957,4.48471069335938,walking
276826404162446,5.07531404495239,-3.00445961952209,-2.61747217178345,walking
276826424096821,1.88984572887421,-2.28541207313538,-4.32716798782349,walking
276826444031196,0.726667046546936,-5.20953845977783,-2.10504221916199,walking
276826463965623,-0.074526578187943,-10.9283618927002,-2.58394861221313,walking
276826483899998,-2.25608992576599,-14.9933767318726,-6.5397162437439,walking
276826503834373,-5.58635187149048,-13.9723291397095,-10.1841945648193,walking
276826523768748,-5.68770790100098,-11.052996635437,-5.97939538955689,walking
276826543703176,-3.38065671920776,-8.64658451080322,6.23271942138672,walking
276826563639373,-0.716446757316589,-6.63325214385986,6.52485227584839,walking
276826583575571,-0.045567773282528,-7.18452167510986,2.16680359840393,walking
276826603511821,0.181276202201843,-8.56988620758057,-0.275619447231293,walking
276826623448019,0.306764334440231,-9.38480663299561,-1.19511985778809,walking
276826643384269,-0.875720143318176,-8.83833026885986,-2.85692524909973,walking
276826663320467,-0.908115327358246,-8.23947238922119,-1.63985657691956,walking
276826683256717,0.390231549739838,-8.52230548858643,0.079430401325226,walking
276826703192915,1.14801418781281,-8.92977237701416,0.917529284954071,walking
276826723129165,0.906717896461487,-9.97958850860596,0.213549450039864,walking
276826743065363,0.11037790030241,-11.2642936706543,-1.84573578834534,walking
276826763001613,-1.6657350063324,-11.5998544692993,-3.16271591186523,walking
276826782937811,-3.88588285446167,-11.5279569625854,-2.99508619308472,walking
276826802874009,-4.45055246353149,-11.8203773498535,-1.50567436218262,walking
276826822810259,-3.22942876815796,-12.6544799804688,0.706886231899262,walking
276826842746457,-1.77663505077362,-12.9181365966797,4.11671304702759,walking
276826862682707,-2.05171656608582,-12.9421119689941,6.30053901672363,walking
276826882618905,-5.13580179214478,-13.479006767273,2.34957337379456,walking
276826902555155,-7.44282627105713,-13.9583778381348,1.8132107257843,walking
276826922491353,-5.39155054092407,-14.3466711044312,4.11197423934937,walking
276826942427603,-0.589188396930695,-12.9277572631836,1.46842324733734,walking
276826962363801,2.92933368682861,-12.8846216201782,-3.54092574119568,walking
276826982300051,4.5993185043335,-14.0542793273926,-8.43533802032471,walking
276827002236248,4.12152576446533,-14.1597461700439,-8.08093357086182,walking
276827022172446,0.675454676151276,-13.1147375106812,-2.62138748168945,walking
276827042108696,-1.11031115055084,-11.2691888809204,1.34875988960266,walking
276827062044373,1.4236114025116,-10.4398937225342,1.66485071182251,walking
276827081979998,2.04625272750854,-9.24148941040039,1.57387101650238,walking
276827101915676,1.15338361263275,-7.78902053833008,0.127586200833321,walking
276827121851353,0.608019888401032,-6.71045637130737,-1.56773018836975,walking
276827141787030,1.05208218097687,-5.55998754501343,-1.68265509605408,walking
276827161722655,2.23459339141846,-4.8217716217041,-0.676938712596893,walking
276827181658332,2.32632350921631,-4.50539779663086,-0.667347967624664,walking
276827201594009,1.76648080348969,-4.80261135101318,-1.71614062786102,walking
276827221529686,2.36498975753784,-4.89849090576172,-1.51977634429932,walking
276827241465311,3.36409568786621,-4.21300554275513,-1.13184940814972,walking
276827261400988,2.84769082069397,-3.96374297142029,-0.308117687702179,walking
276827281336665,1.23085141181946,-5.72781276702881,1.73682546615601,walking
276827301272342,-0.400467395782471,-9.39975452423096,6.09967613220215,walking
276827321207967,-6.56383895874023,-13.2682361602783,8.7193078994751,walking
276827341143644,-15.2224941253662,-16.5806541442871,6.42535781860352,walking
276827361079321,-13.22913646698,-19.1165027618408,10.1704187393188,walking
276827381014998,-6.66028738021851,-14.7399082183838,11.2192373275757,walking
276827400950623,-2.88113594055176,-9.04026508331299,3.52801132202148,walking
276827420886301,1.67025005817413,-8.67595481872559,-3.37780714035034,walking
276827440821978,2.88654685020447,-9.1121826171875,-5.79627227783203,walking
276827460757655,2.49080371856689,-10.123649597168,-4.44574308395386,walking
276827480693280,0.473367542028427,-13.9346075057983,-1.33283853530884,walking
276827500628957,-0.834577977657318,-14.1886777877808,2.41701149940491,walking
276827520564634,5.40607166290283,-8.61846542358398,5.72147846221924,walking
276827540500311,5.47366952896118,-5.32044124603272,-0.379776895046234,walking
276827560435259,2.17721915245056,-5.67997169494629,-3.1334764957428,walking
276827580370207,1.32296168804169,-8.67600917816162,-1.5961742401123,walking
276827600305155,-0.371101319789886,-12.1370306015015,-1.87392723560333,walking
276827620240051,-3.34417819976807,-12.9040212631226,-5.17836904525757,walking
276827640174998,-5.39539957046509,-10.7468852996826,-8.84677886962891,walking
276827660109894,-5.06900119781494,-8.93922901153564,-4.40815496444702,walking
276827680044842,-3.28321719169617,-7.98049592971802,2.75628185272217,walking
276827699979738,-1.76288878917694,-6.92109727859497,1.67873811721802,walking
276827719914686,-0.498363137245178,-7.67369794845581,-0.643962323665619,walking
276827739849582,1.12332117557526,-9.36585330963135,-1.13245105743408,walking
276827759784530,1.504603266716,-9.82604217529297,0.395256459712982,walking
276827779719426,0.645483255386353,-8.30645275115967,1.38658881187439,walking
276827799654373,-0.855556905269623,-7.28540372848511,0.797529816627502,walking
276827819589321,-0.918309807777405,-8.41190814971924,-0.782865703105927,walking
276827839524217,-0.512895345687866,-10.1088581085205,-2.56919121742249,walking
276827859459165,-1.05346846580505,-11.2353639602661,-2.56440615653992,walking
276827879394061,-1.30445349216461,-12.2132663726807,0.524536669254303,walking
276827899329009,-2.10565614700317,-12.9802474975586,2.93343210220337,walking
276827919263905,-4.36445140838623,-12.9083404541016,-0.102838963270187,walking
276827939198853,-6.2998743057251,-12.4145917892456,-2.40159392356873,walking
276827959133748,-6.63773536682129,-13.4404315948486,-0.112425275146961,walking
276827979068696,-7.40997886657715,-15.0990324020386,5.01665878295898,walking
276827999003644,-8.45733070373535,-15.3722667694092,4.20730304718018,walking
276828018938540,-5.4601035118103,-15.1229953765869,2.94777488708496,walking
276828038873488,0.341301411390305,-15.2476291656494,5.29920101165772,walking
276828058807655,4.57410478591919,-13.9197854995728,-1.14688372612,walking
276828078741717,5.26428079605103,-13.1048631668091,-9.27871894836426,walking
276828098675728,3.92251372337341,-13.4020671844482,-9.54212188720703,walking
276828118609790,1.83264470100403,-14.3847627639771,-3.99638938903809,walking
276828138543853,-0.797788918018341,-13.6225700378418,0.596319437026978,walking
276828158477863,1.08935117721558,-11.5708856582642,-0.16035683453083,walking
276828178411926,2.49384427070618,-9.44250297546387,0.155717328190804,walking
276828198345936,1.35478925704956,-7.58735942840576,0.912385523319244,walking
276828218279998,0.524627983570099,-6.48481798171997,-0.23699414730072,walking
276828238214061,0.162634119391441,-5.54046678543091,-1.74555361270905,walking
276828258148071,1.41268050670624,-4.63446474075317,-1.94669842720032,walking
276828278082134,3.12606763839722,-3.94897079467773,-1.61625719070435,walking
276828298016196,3.73901987075806,-3.21554017066956,-2.19094896316528,walking
276828317950207,4.06721115112305,-2.8656017780304,-2.4639298915863,walking
276828337884269,4.49193143844605,-2.71220231056213,-1.82219910621643,walking
276828357818280,4.44848489761353,-2.74575591087341,-0.821288645267487,walking
276828377752342,1.83253037929535,-4.50502252578735,1.54929423332214,walking
276828397686405,-1.15506184101105,-9.63422584533691,11.7499990463257,walking
276828417620415,-12.2076807022095,-15.995397567749,14.905987739563,walking
276828437554478,-24.9013023376465,-21.9395198822021,-1.55403196811676,walking
276828457488488,-14.0272760391235,-21.1965007781982,9.35545349121094,walking
276828477422551,0.196313798427582,-10.1567249298096,14.1780385971069,walking
276828497356613,5.34131956100464,-8.07627773284912,0.31848007440567,walking
276828517290623,4.07677602767944,-12.1269102096558,-6.33353519439697,walking
276828537224686,-0.006424222141504,-13.2534151077271,-5.36135864257813,walking
276828557159738,-3.93517756462097,-12.6542062759399,-2.54060387611389,walking
276828577095207,-1.08757042884827,-10.6648397445679,1.53488612174988,walking
276828597030728,5.66464900970459,-6.81553792953491,1.91321802139282,walking
276828616966196,4.89723205566406,-4.93642473220825,-1.3241935968399,walking
276828636901717,2.73979163169861,-7.19423151016235,-1.78873705863953,walking
276828656837186,1.91028916835785,-10.8855047225952,-1.03176271915436,walking
276828676772707,-0.662213802337647,-12.7550287246704,-1.74054229259491,walking
276828696708228,-4.16139888763428,-11.8346490859985,-4.09197092056274,walking
276828716643696,-5.99062538146973,-9.39468193054199,-9.20669078826904,walking
276828736579217,-6.14024114608765,-8.19627094268799,-0.054785721004009,walking
276828756514686,-3.33123373985291,-7.51078081130981,3.51306939125061,walking
276828776450207,-1.77228057384491,-6.67668676376343,0.112835422158241,walking
276828796385676,-1.09174454212189,-6.73900508880615,-1.88420259952545,walking
276828816321196,-0.049223378300667,-7.51078414916992,-2.46367764472961,walking
276828836256665,0.177624732255936,-8.64208602905273,0.328349113464355,walking
276828856192186,0.061793681234121,-9.55767440795898,3.78605580329895,walking
276828876127707,-0.087822675704956,-10.3773889541626,2.1098849773407,walking
276828896063176,0.196943044662476,-10.9765958786011,-1.74052095413208,walking
276828915998696,-1.86878073215485,-10.7704696655273,-2.0565972328186,walking
276828935934165,-4.19996070861816,-11.1299953460693,0.222999349236488,walking
276828955869686,-4.71638822555542,-12.251708984375,1.25743913650513,walking
276828975805155,-5.81681871414185,-12.6927270889282,-2.19547462463379,walking
276828995740676,-7.39024305343628,-12.8653001785278,-2.01827692985535,walking
276829015676144,-7.15856838226318,-13.9103155136108,2.10032033920288,walking
276829035611665,-7.35644960403442,-13.3542537689209,7.416184425354,walking
276829055547186,-8.76094627380371,-12.5057783126831,6.98517036437988,walking
276829075482759,-7.95974922180176,-14.370509147644,4.46612453460693,walking
276829095418384,-2.37069606781006,-16.287971496582,1.40112471580505,walking
276829115353957,2.41716361045837,-15.856541633606,-4.90607166290283,walking
276829135289530,3.36315536499023,-15.1374959945679,-12.6451978683472,walking
276829155225155,3.89889740943909,-15.660005569458,-10.5954751968384,walking
276829175160728,2.69711136817932,-16.1154041290283,-0.399555921554565,walking
276829195096301,1.31191945075989,-13.3494691848755,2.68939256668091,walking
276829215031926,3.31973385810852,-10.4301376342773,-0.979028820991516,walking
276829234967498,2.78400015830994,-7.25674247741699,-1.76922261714935,walking
276829254903071,0.636226356029511,-4.95579195022583,-0.653368592262268,walking
276829274838696,-1.19782710075378,-3.94433307647705,-0.734780728816986,walking
276829294774269,-2.1631166934967,-3.98268270492554,-1.5872323513031,walking
276829314709842,-0.613816320896149,-4.57709646224976,-1.62075388431549,walking
276829334645467,1.91525685787201,-4.78322410583496,-1.47707998752594,walking
276829354581040,3.17979550361633,-4.33262252807617,-2.63603186607361,walking
276829374516665,4.0871753692627,-3.74779868125916,-2.69828772544861,walking
276829394452238,5.64612865447998,-3.40745043754578,-1.43876159191132,walking
276829414387811,5.94054794311523,-4.35659408569336,0.773788154125214,walking
276829434323436,3.03501796722412,-7.4916410446167,3.24494743347168,walking
276829454259009,-3.99714088439941,-11.2978000640869,12.7368755340576,walking
276829474194582,-19.3694362640381,-15.0991649627686,7.65089082717896,walking
276829494130207,-23.0858116149902,-20.6885585784912,0.821686446666718,walking
276829514065780,-10.3294534683228,-18.0280857086182,15.6773662567139,walking
276829534001353,-3.09457492828369,-8.89618492126465,7.90471696853638,walking
276829553936769,1.28303527832031,-6.85409212112427,-6.59178018569946,walking
276829573872134,2.14215064048767,-8.92974281311035,-7.56874704360962,walking
276829593807446,-0.391740679740906,-11.1827592849731,-4.39359521865845,walking
276829613742811,-6.52617645263672,-17.0501880645752,4.46617603302002,walking
276829633678123,-3.60615968704224,-17.7404727935791,7.53117895126343,walking
276829653613488,7.60593986511231,-9.38040256500244,4.59558296203613,walking
276829673548801,5.29889631271362,-3.88688397407532,-4.35996389389038,walking
276829693484165,1.37981307506561,-3.0096480846405,-4.40785121917725,walking
276829713419530,0.260080903768539,-6.41314172744751,-1.75949418544769,walking
276829733354842,-0.386657416820526,-11.7964105606079,-2.07556843757629,walking
276829753290207,-3.0556857585907,-14.2651424407959,-5.56200361251831,walking
276829773225519,-6.40041875839233,-11.1253042221069,-7.38663339614868,walking
276829793160884,-4.69184112548828,-7.67387914657593,-9.81468486785889,walking
276829813096196,-2.60197257995605,-7.99026250839233,-1.42902946472168,walking
276829833031561,-2.65022921562195,-7.96629619598389,4.92127370834351,walking
276829852966873,-2.12896227836609,-6.95004463195801,3.34088683128357,walking
276829872902238,-0.985081136226654,-7.27601480484009,1.37258505821228,walking
276829892837551,-1.39049589633942,-7.52528667449951,1.02777636051178,walking
276829912772915,-2.32682251930237,-7.91357374191284,0.395623624324799,walking
276829932708228,-1.95034968852997,-9.46192455291748,0.486619770526886,walking
276829952643592,-1.0188330411911,-10.9383707046509,-0.471189320087433,walking
276829972578957,-1.44355380535126,-11.5998954772949,-2.65978789329529,walking
276829992514269,-2.76117134094238,-11.5759296417236,-2.13777637481689,walking
276830012449634,-5.23714065551758,-11.5567579269409,1.99519062042236,walking
276830032384946,-6.59336948394775,-12.6640930175781,0.314232707023621,walking
276830052320155,-6.7236762046814,-12.6305389404297,-0.365810573101044,walking
276830072255311,-7.10013198852539,-12.8606367111206,2.00478005409241,walking
276830092190415,-8.46601390838623,-12.9900665283203,6.06591129302979,walking
276830112125571,-9.83672332763672,-12.8270845413208,6.49693107604981,walking
276830132060676,-8.41773319244385,-14.5959444046021,4.94527721405029,walking
276830151995780,-3.0072546005249,-15.9573431015015,1.76534259319305,walking
276830171930936,1.2303923368454,-14.6438846588135,-5.73911809921265,walking
276830191866040,2.52389359474182,-13.2824897766113,-11.3471088409424,walking
276830211801196,2.35980200767517,-13.771445274353,-9.27822875976563,walking
276830231736301,0.380958914756775,-14.9842405319214,-2.56874561309814,walking
276830251671457,-1.15867578983307,-13.8145923614502,2.28258061408997,walking
276830271606561,1.56346011161804,-11.3123083114624,0.333435416221619,walking
276830291541717,1.5248566865921,-8.29710483551025,-0.935662806034088,walking
276830311476821,-0.482945501804352,-6.15434694290161,-0.504643142223358,walking
276830331411978,-1.29861009120941,-5.62225341796875,-1.14158487319946,walking
276830351347082,-1.59784281253815,-5.07578039169312,-1.74979221820831,walking
276830371282186,0.376190692186356,-4.92238521575928,-1.18946778774261,walking
276830391217342,2.27300071716309,-4.62997484207153,-0.399268269538879,walking
276830411152446,2.34057950973511,-3.83423113822937,-1.0553662776947,walking
276830431087603,2.58191108703613,-3.75274109840393,-1.63962841033936,walking
276830451022707,3.60995721817017,-4.05474328994751,-1.81681978702545,walking
276830470957863,4.02504205703735,-4.13623714447022,-0.844635844230652,walking
276830490892967,1.52011346817017,-5.48325490951538,2.02401781082153,walking
276830510828123,-3.74555444717407,-8.95385837554932,9.01605606079102,walking
276830530763228,-14.1707162857056,-12.4915733337402,8.58983325958252,walking
276830550698332,-24.2049350738525,-16.2881469726563,0.606466293334961,walking
276830570633123,-17.6312770843506,-18.1001472473145,8.70477771759033,walking
276830590567915,-5.86916637420654,-12.232723236084,10.8407049179077,walking
276830610502759,0.969945967197418,-9.66332912445068,-0.073569312691689,walking
276830630437551,2.6061270236969,-11.7677421569824,-5.26491117477417,walking
276830650372342,1.22030901908875,-13.488507270813,-3.10054349899292,walking
276830670307134,-1.65144324302673,-14.8738718032837,2.92888712882996,walking
276830690241978,-1.7672826051712,-12.0360298156738,1.91839265823364,walking
276830710176769,3.13640403747559,-7.14650678634644,-2.06132221221924,walking
276830730111561,3.78314661979675,-4.73050594329834,-3.40705108642578,walking
276830750046353,2.21936702728271,-5.80428266525269,-2.51149821281433,walking
276830769981196,1.47126042842865,-9.66796207427979,-1.27113223075867,walking
276830789915988,-0.497942477464676,-12.659197807312,-1.40043902397156,walking
276830809850780,-3.90543270111084,-12.1366901397705,-2.86589479446411,walking
276830829785571,-5.68640327453613,-9.07354736328125,-7.47297716140747,walking
276830849720363,-5.45956325531006,-7.57313394546509,-5.51904058456421,walking
276830869655207,-4.09850358963013,-7.64503765106201,2.49785184860229,walking
276830889589998,-3.04151153564453,-6.34595823287964,1.34847438335419,walking
276830909524790,-2.49129843711853,-6.54728984832764,-1.27593493461609,walking
276830929459582,-1.1543710231781,-8.22506618499756,-1.63990581035614,walking
276830949394426,-0.691034376621246,-9.52893733978272,0.563062131404877,walking
276830969329217,-0.806873738765717,-9.79258632659912,2.1817638874054,walking
276830989264009,-0.792398452758789,-9.5816650390625,1.89441800117493,walking
276831009198801,-1.36192572116852,-9.57207679748535,-0.308553397655487,walking
276831029133592,-2.65059685707092,-10.4013776779175,-1.98951709270477,walking
276831049068540,-4.23368215560913,-11.1443920135498,-1.25200295448303,walking
276831069003748,-6.1932315826416,-11.6237564086914,-0.835356295108795,walking
276831088938957,-7.16818237304688,-11.6333417892456,-0.30377209186554,walking
276831108874165,-6.42491102218628,-12.0839443206787,1.06589841842651,walking
276831128809373,-7.11027336120606,-12.5441341400146,3.78608536720276,walking
276831148744582,-10.4212331771851,-12.1031169891357,5.44788885116577,walking
276831168679790,-11.893310546875,-12.7694330215454,3.91059684753418,walking
276831188614998,-9.70692539215088,-15.1374940872192,3.6280403137207,walking
276831208550207,-2.50101351737976,-16.3502864837646,-0.179267972707748,walking
276831228485415,2.25305247306824,-15.0799684524536,-5.61964702606201,walking
276831248420623,2.86600971221924,-14.1212368011475,-7.96150207519531,walking
276831268355832,1.76074492931366,-14.4280300140381,-6.61098766326904,walking
276831288291040,-0.975866436958313,-14.2602510452271,-2.59296417236328,walking
276831308226248,-1.91703176498413,-12.1846008300781,-0.792277872562408,walking
276831328161457,0.201783299446106,-10.4780607223511,-1.33344411849976,walking
276831348096665,-0.536670386791229,-8.01891803741455,-0.509726941585541,walking
276831368031873,-1.68537366390228,-6.59040880203247,0.510341882705689,walking
276831387967082,-1.08206951618195,-6.19253492355347,-0.423527657985687,walking
276831407902290,0.052146214991808,-5.41596269607544,-1.72615516185761,walking
276831427837498,1.57730579376221,-4.80716800689697,-1.70700085163116,walking
276831447772707,2.45571851730347,-4.0305962562561,-1.20415103435516,walking
276831467707915,2.79356718063354,-3.76215076446533,-1.46755146980286,walking
276831487643123,3.73955059051514,-4.43326044082642,-1.39092838764191,walking
276831507578332,5.1826605796814,-5.06122732162476,-1.25683641433716,walking
276831527513540,5.24540042877197,-5.3009090423584,-0.557634949684143,walking
276831547448696,1.60623979568481,-6.51370096206665,3.19698977470398,walking
276831567383540,-4.61025428771973,-9.71106338500977,12.7894849777222,walking
276831587318384,-16.8694877624512,-12.4961729049683,5.6298303604126,walking
276831607253280,-26.8120136260986,-16.3550586700439,-0.98386937379837,walking
276831627188123,-18.114725112915,-17.2322978973389,11.3431816101074,walking
276831647123019,-6.37596893310547,-10.2577333450317,9.44228839874268,walking
276831667057863,0.371444165706635,-9.42843532562256,-0.945188343524933,walking
276831686992707,1.77113139629364,-12.8798656463623,-4.72854423522949,walking
276831706927603,-0.029129549860954,-13.8146305084229,-2.82728004455566,walking
276831726862446,-2.09484624862671,-12.4867925643921,4.03545475006104,walking
276831746797342,-0.212512210011482,-9.23190689086914,2.49338150024414,walking
276831766732186,4.21819639205933,-6.54746675491333,-2.65006852149963,walking
276831786667030,2.9874587059021,-5.50724792480469,-3.05713367462158,walking
276831806601926,0.255689769983292,-7.28090047836304,-1.65393233299255,walking
276831826536769,-1.10536241531372,-10.4447116851807,-1.52941131591797,walking
276831846471665,-3.23382306098938,-12.5059833526611,-2.25255441665649,walking
276831866406509,-5.62291240692139,-12.1512565612793,-4.08676099777222,walking
276831886341353,-5.88835668563843,-9.95576763153076,-9.99646091461182,walking
276831906276248,-5.86421298980713,-8.85323143005371,-0.935545742511749,walking
276831926211092,-3.75503540039062,-7.47745752334595,3.03938341140747,walking
276831946145936,-2.62080407142639,-6.04415988922119,0.975301802158356,walking
276831966080832,-2.21536922454834,-6.02498817443848,-0.59071695804596,walking
276831986015676,-1.12457585334778,-6.67213344573975,-2.11363410949707,walking
276832005950571,-0.675702929496765,-8.0287389755249,-1.55330836772919,walking
276832025885415,-1.08594107627869,-8.92036056518555,1.67452669143677,walking
276832045820207,-2.07535529136658,-9.58188724517822,3.38901710510254,walking
276832065754790,-1.9884672164917,-10.59814453125,1.24831056594849,walking
276832085689321,-2.63037610054016,-11.2884321212769,-2.08487296104431,walking
276832105623853,-5.34766578674316,-10.9145307540894,-1.9268285036087,walking
276832125558436,-7.57748174667358,-10.8570098876953,-1.10310387611389,walking
276832145492967,-8.92405509948731,-10.6412982940674,-0.389527916908264,walking
276832165427498,-8.84681987762451,-11.3267936706543,-0.743913292884827,walking
276832185362082,-7.84772920608521,-12.7313356399536,0.496459782123566,walking
276832205296613,-8.69234943389893,-12.784068107605,6.68872594833374,walking
276832225231144,-12.0853452682495,-11.5137538909912,5.9512152671814,walking
276832245165728,-11.4723720550537,-11.9691534042358,2.15349221229553,walking
276832265100259,-6.04258441925049,-14.6056632995605,2.36421656608582,walking
276832285034790,0.439372777938843,-15.5260467529297,-3.42575740814209,walking
276832304969373,3.09876775741577,-14.7782402038574,-8.54526138305664,walking
276832324903905,1.95973324775696,-14.7303066253662,-7.42461585998535,walking
276832344838436,0.173951700329781,-15.8711986541748,-2.31467819213867,walking
276832364773019,-2.17170000076294,-14.5721225738525,0.539609730243683,walking
276832384707551,-0.081827968358994,-11.8637132644653,-1.40953433513641,walking
276832404642082,1.95495295524597,-9.60590648651123,-2.13746666908264,walking
276832424576613,0.009898007847369,-6.4181342124939,-1.14133596420288,walking
276832444511196,-2.07512450218201,-4.54381990432739,-0.279298841953278,walking
276832464445728,-2.42744493484497,-4.53902912139893,-0.499590456485748,walking
276832484380259,-0.270002454519272,-5.3635401725769,-0.830030560493469,walking
276832504314842,1.95018422603607,-5.68471717834473,-1.16047072410584,walking
276832524249373,2.16738653182983,-4.62532329559326,-2.25237202644348,walking
276832544183905,2.36045670509338,-3.99256467819214,-2.51576542854309,walking
276832564119113,3.67809414863586,-4.12199592590332,-1.39511871337891,walking
276832584054373,5.4156346321106,-4.21307849884033,-1.12213671207428,walking
276832603989582,4.28142595291138,-4.41920852661133,0.582775712013245,walking
276832623924790,-0.458153784275055,-7.22829008102417,6.90913534164429,walking
276832643859998,-10.5657386779785,-11.9258241653442,16.3048324584961,walking
276832663795207,-27.7190132141113,-14.7588691711426,-1.61106133460999,walking
276832683730415,-28.4767761230469,-19.1162948608398,5.26603221893311,walking
276832703665623,-11.6420640945435,-13.4454050064087,13.6516819000244,walking
276832723600832,1.32664608955383,-9.37080192565918,2.78528904914856,walking
276832743536040,6.10966777801514,-12.5585765838623,-4.35042095184326,walking
276832763471248,2.6152970790863,-14.3178434371948,-2.32943940162659,walking
276832783406457,-2.02777242660522,-13.9631109237671,1.68379318714142,walking
276832803341665,-5.06845426559448,-11.2307291030884,2.09564924240112,walking
276832823276873,-0.57502144575119,-7.69301414489746,-3.07654452323914,walking
276832843212082,2.72627425193787,-5.34412431716919,-3.4788293838501,walking
276832863147290,0.588141441345215,-5.05170965194702,-2.21451997756958,walking
276832883082498,-1.37623846530914,-7.97104072570801,-1.28065609931946,walking
276832903017707,-2.95450139045715,-11.9545602798462,-1.41954267024994,walking
276832922952915,-5.29534578323364,-13.0810661315918,-3.14360952377319,walking
276832942888123,-5.81661224365234,-10.0035409927368,-8.12423992156982,walking
276832962823332,-5.46428775787354,-7.59233474731445,-5.64350891113281,walking
276832982758540,-4.1080584526062,-7.65944337844849,1.61192059516907,walking
276833002693748,-2.63599371910095,-6.61442565917969,1.71248733997345,walking
276833022628957,-2.16783428192139,-6.11109066009522,0.529584765434265,walking
276833042564165,-1.61762475967407,-6.26927900314331,-0.605427205562592,walking
276833062500259,-1.47766506671906,-7.56356287002564,-0.562329292297363,walking
276833082436509,-3.1090190410614,-9.17422580718994,1.02284741401672,walking
276833102372759,-3.84747648239136,-9.90285873413086,2.27757883071899,walking
276833122309009,-2.68913221359253,-10.4445390701294,1.03241813182831,walking
276833142245259,-2.98355460166931,-10.5020608901978,-1.73087573051453,walking
276833162181509,-4.99137306213379,-9.83094882965088,-1.77398097515106,walking
276833182117759,-7.17294406890869,-10.15212059021,-0.533616781234741,walking
276833202053957,-9.62962341308594,-10.0945949554443,0.974934995174408,walking
276833221990207,-11.3478536605835,-10.5164337158203,-0.562358498573303,walking
276833241926457,-11.2947702407837,-11.978494644165,0.05542716383934,walking
276833261862707,-11.4830102920532,-12.5010013580322,6.53023862838745,walking
276833281798957,-13.1143636703491,-11.4416027069092,7.70834541320801,walking
276833301735207,-12.1876907348633,-12.3428068161011,3.63763642311096,walking
276833321671405,-5.69609928131104,-15.5401697158813,-1.26636934280396,walking
276833341607655,0.293538391590118,-16.1633415222168,-6.41461753845215,walking
276833361543905,1.11885643005371,-14.3944816589355,-7.56878566741943,walking
276833381480155,-0.396662175655365,-13.6610517501831,-6.15601539611816,walking
276833401416405,-3.54352688789368,-13.6418752670288,-2.50196242332458,walking
276833421352655,-4.36403369903564,-12.5633029937744,-0.662965416908264,walking
276833441288905,-1.21235859394073,-11.6525068283081,-1.64472734928131,walking
276833461225103,-0.367734789848328,-9.21253776550293,-0.76354306936264,walking
276833481161353,-1.45852422714233,-6.70545768737793,0.160742744803429,walking
276833501097603,-1.99909639358521,-5.52621793746948,-0.246331393718719,walking
276833521033853,-1.46819293498993,-4.86469268798828,-0.883280634880066,walking
276833540970103,0.095574647188187,-4.62021446228027,-1.08921408653259,walking
276833560905103,1.04155445098877,-4.16481590270996,-1.33824920654297,walking
276833580839946,1.36491990089417,-3.82446455955505,-1.96562027931213,walking
276833600774842,2.26263499259949,-4.31820821762085,-1.77885043621063,walking
276833620709686,4.30904912948608,-5.04204750061035,-1.12275218963623,walking
276833640644530,5.01370620727539,-5.18106174468994,0.203815087676048,walking
276833660579373,1.50132548809052,-5.67513084411621,1.97157907485962,walking
276833680514269,-3.92360663414001,-8.08154582977295,7.70409727096558,walking
276833700449113,-14.7493562698364,-9.90313816070557,3.27900981903076,walking
276833720383957,-27.6890983581543,-12.438982963562,-2.72168016433716,walking
276833740318853,-26.7430934906006,-15.6938762664795,11.0037879943848,walking
276833760253696,-11.867901802063,-11.6480388641357,10.6206712722778,walking
276833780188540,-0.134741917252541,-10.0517587661743,0.103892579674721,walking
276833800123436,2.53913831710815,-11.9931907653809,-3.07124900817871,walking
276833820058280,-2.49484944343567,-12.4102430343628,-2.35288143157959,walking
276833839993123,-8.04044246673584,-11.6145009994507,0.549300074577332,walking
276833859927967,-6.11949110031128,-10.718092918396,4.26083326339722,walking
276833879862863,2.17239713668823,-8.96841621398926,0.046464577317238,walking
276833899797707,2.8191614151001,-6.18331003189087,-3.25798201560974,walking
276833919732551,0.352853983640671,-5.39236307144165,-3.00894260406494,walking
276833939667446,-1.79490637779236,-7.93300104141235,-2.65454339981079,walking
276833959602290,-4.20812273025513,-11.5953540802002,-2.80299615859985,walking
276833979537134,-6.79026508331299,-12.2233257293701,-3.40162134170532,walking
276833999471978,-6.99778556823731,-8.88215637207031,-5.72430944442749,walking
276834019406873,-4.70519590377808,-6.66270208358765,-7.8458571434021,walking
276834039341717,-4.99476671218872,-7.51597595214844,-0.331806302070618,walking
276834059276248,-4.54588747024536,-7.29067850112915,2.21598410606384,walking
276834079210728,-3.65780019760132,-6.82090520858765,2.37403130531311,walking
276834099145207,-3.28131818771362,-6.91678237915039,1.35396885871887,walking
276834119079686,-3.60467386245728,-7.06059646606445,-0.576016008853912,walking
276834139014165,-3.91837692260742,-6.88323593139648,-1.81637573242188,walking
276834158948644,-3.96179747581482,-7.29070043563843,0.472805500030518,walking
276834178883123,-4.28032684326172,-9.05956077575684,1.96700167655945,walking
276834198817603,-4.96566772460938,-10.5551843643188,-0.968686699867249,walking
276834218752082,-6.17709302902222,-10.6750297546387,-2.28567147254944,walking
276834238686561,-8.15592765808106,-9.84573268890381,-1.97437393665314,walking
276834258621040,-9.79690933227539,-8.84386444091797,-1.20332646369934,walking
276834278555519,-9.68105602264404,-9.76424884796143,-0.341286599636078,walking
276834298489998,-9.99958515167236,-11.3173961639404,1.78985524177551,walking
276834318424478,-12.480372428894,-11.3653373718262,5.18531084060669,walking
276834338358957,-13.991039276123,-10.6319131851196,2.06284832954407,walking
276834358293436,-12.1328315734863,-10.6846475601196,3.59056806564331,walking
276834378227915,-6.58237600326538,-12.5445880889893,5.15659999847412,walking
276834398162394,-0.96917724609375,-13.4601793289185,-2.1562933921814,walking
276834418096873,-0.095569126307964,-12.9424705505371,-7.72117853164673,walking
276834438031353,-1.88134443759918,-13.1198396682739,-7.50087308883667,walking
276834457965832,-5.0281834602356,-13.7286376953125,-3.90906643867493,walking
276834477900311,-6.62090063095093,-13.0575304031372,-0.082595579326153,walking
276834497834790,-3.53194379806519,-11.8639163970947,0.439420640468597,walking
276834517769269,-1.53376865386963,-10.1909379959106,-0.652477920055389,walking
276834537703748,-2.3590772151947,-7.80849742889404,-1.79705631732941,walking
276834557638228,-3.02028560638428,-6.10196352005005,-1.61027467250824,walking
276834577572707,-1.86674237251282,-5.52673006057739,-0.690766036510468,walking
276834597507186,0.338970720767975,-5.73286151885986,-0.470460891723633,walking
276834617441665,1.67109334468842,-5.51235771179199,-0.853577852249146,walking
276834637376144,1.82555794715881,-4.80290222167969,-1.74912488460541,walking
276834657310623,1.43374013900757,-4.41919088363647,-1.63459360599518,walking
276834677245103,2.67414236068726,-4.54861974716187,-0.973702669143677,walking
276834697179582,4.65782117843628,-4.90814304351807,-0.523530602455139,walking
276834717114061,3.3257155418396,-5.81414270401001,1.49745464324951,walking
276834737048540,-2.3984751701355,-8.31642818450928,10.5487871170044,walking
276834756983019,-14.6239166259766,-9.91750717163086,11.8035221099854,walking
276834776917498,-30.1217060089111,-10.6653156280518,-4.89115762710571,walking
276834796851978,-29.0454025268555,-13.0813150405884,6.37751150131226,walking
276834816786457,-10.1401290893555,-8.34519004821777,11.9088821411133,walking
276834836720884,1.76676642894745,-5.84769868850708,0.30976665019989,walking
276834856655363,2.11427187919617,-10.9337596893311,-3.72262597084045,walking
276834876589842,-0.689905524253845,-14.8070287704468,0.9323450922966,walking
276834896524321,-6.80986595153809,-15.5212821960449,0.242719724774361,walking
276834916458801,-10.5841627120972,-11.4083309173584,-1.08385121822357,walking
276834936393280,-1.81929874420166,-7.35769748687744,0.218774423003197,walking
276834956327759,3.61530327796936,-5.47858715057373,-1.04074954986572,walking
276834976262238,1.39512848854065,-3.96858763694763,-2.4966254234314,walking
276834996196717,-1.95926642417908,-5.96753978729248,-1.61064839363098,walking
276835016131196,-5.66599321365356,-10.459189414978,-1.45260918140411,walking
276835036065676,-8.83698177337647,-13.6421709060669,-4.00039148330689,walking
276835056000623,-7.73654747009277,-11.7582683563232,-8.56436920166016,walking
276835075935832,-5.25091648101807,-7.75557088851929,-7.84601020812988,walking
276835095871040,-4.89858484268189,-7.41042804718018,0.175672844052315,walking
276835115806196,-3.46995091438293,-7.05090427398682,3.95903396606445,walking
276835135741405,-2.67358350753784,-6.81601524353027,4.04523706436157,walking
276835155676613,-2.58670711517334,-7.01255512237549,0.467805743217468,walking
276835175611821,-2.47087216377258,-6.98858690261841,-2.48225808143616,walking
276835195547030,-3.88020062446594,-6.44690465927124,-1.60585927963257,walking
276835215482186,-5.18334627151489,-5.98192071914673,1.22926700115204,walking
276835235417394,-5.07716417312622,-8.00004577636719,1.0233371257782,walking
276835255352603,-4.73448467254639,-10.6317596435547,-2.51099252700806,walking
276835275287811,-4.88893175125122,-10.8378868103027,-2.82707071304321,walking
276835295223019,-7.69793558120728,-10.0181722640991,0.443860411643982,walking
276835315158176,-10.1353015899658,-9.42855453491211,3.04911160469055,walking
276835335093384,-10.4538488388062,-9.21284008026123,-0.609733760356903,walking
276835355028592,-10.9654541015625,-8.91563415527344,-1.94588279724121,walking
276835374963801,-11.1440343856812,-9.02109336853027,2.08650946617126,walking
276835394899009,-11.9259214401245,-8.43626880645752,8.4511775970459,walking
276835414834165,-12.6161060333252,-7.94252347946167,6.37272262573242,walking
276835434769373,-13.0022230148315,-9.93668079376221,3.00122094154358,walking
276835454704582,-9.02038764953613,-13.0429649353027,-2.74086761474609,walking
276835474639790,-4.80688190460205,-14.624870300293,-8.80861186981201,walking
276835494574998,-2.68806314468384,-15.5308704376221,-9.70416736602783,walking
276835514510155,-2.91490697860718,-16.6765518188477,-6.21772861480713,walking
276835534445363,-5.4198431968689,-16.2882671356201,1.51182174682617,walking
276835554380936,-4.44489669799805,-13.2586793899536,4.25116682052612,walking
276835574316821,-0.400317460298538,-11.3603944778442,-0.648046314716339,walking
276835594252707,-0.511326193809509,-8.39791965484619,-3.99560236930847,walking
276835614188540,-2.05579590797424,-5.65595245361328,-3.24371957778931,walking
276835634124426,-2.297119140625,-4.68284177780151,-0.892288625240326,walking
276835654060311,-1.75603985786438,-5.07605028152466,0.046607494354248,walking
276835673996196,-0.404618978500366,-5.94849681854248,-0.283833265304565,walking
276835693932082,0.536552309989929,-5.17192792892456,-1.0596569776535,walking
276835713867967,0.700662434101105,-4.13170909881592,-2.39580130577087,walking
276835733803801,1.27019584178925,-4.55834579467773,-2.68314051628113,walking
276835753739686,3.27801632881165,-5.66568183898926,-1.04048657417297,walking
276835773675571,4.31089067459106,-6.32241439819336,0.444128155708313,walking
276835793611457,0.290453284978867,-6.43267059326172,2.48906350135803,walking
276835813547342,-5.85362958908081,-8.18235492706299,11.2865800857544,walking
276835833483176,-16.5973358154297,-8.01937389373779,2.05805706977844,walking
276835853419061,-28.3401222229004,-9.11712169647217,-2.86509656906128,walking
276835873354946,-27.9588222503662,-11.5043611526489,12.8621969223022,walking
276835893290832,-11.7032680511475,-7.28595304489136,9.06447315216064,walking
276835913226717,-0.529985189437866,-5.46436834335327,-1.96473824977875,walking
276835933162603,-0.148684099316597,-10.2244644165039,-4.9100079536438,walking
276835953098436,-2.70187520980835,-13.8101167678833,-1.35651767253876,walking
276835973034321,-7.6296877861023,-14.1888179779053,-1.41398167610168,walking
276835992970207,-9.48304176330566,-13.5320901870728,4.98900270462036,walking
276836012906092,-0.293437451124191,-9.92726802825928,0.353192687034607,walking
276836032841978,4.65852880477905,-6.57171726226807,-3.50678896903992,walking
276836052777394,2.36596608161926,-4.47210168838501,-2.18979120254517,walking
276836072712498,-1.08494746685028,-5.73283386230469,-1.46663773059845,walking
276836092647551,-4.00012350082397,-9.74991416931152,-2.43402409553528,walking
276836112582603,-5.82451820373535,-12.343279838562,-5.13026285171509,walking
276836132517655,-6.15270805358887,-10.5121088027954,-6.26526641845703,walking
276836152452707,-5.00882482528687,-7.70782709121704,-7.03151178359985,walking
276836172387759,-4.45377111434937,-7.49211549758911,-2.98474764823914,walking
276836192322863,-4.80126667022705,-8.15843486785889,2.19223594665527,walking
276836212257915,-4.36204814910889,-8.31662845611572,3.01595997810364,walking
276836232193853,-3.84140992164612,-8.28771114349365,1.78488183021545,walking
276836252130467,-3.20432734489441,-7.90900993347168,-0.437249422073364,walking
276836272067082,-3.41670298576355,-7.42964220046997,-2.41034936904907,walking
276836292003696,-4.05380773544312,-7.42484521865845,-2.64022970199585,walking
276836311940363,-4.73435068130493,-7.8706521987915,-0.236124306917191,walking
276836331876978,-5.1397852897644,-8.22058486938477,1.76091027259827,walking
276836351813592,-6.07613134384155,-8.52258205413818,2.52236652374268,walking
276836371750207,-6.79528617858887,-9.23203945159912,-0.154725849628449,walking
276836391686821,-8.55213165283203,-8.79581451416016,-2.14219284057617,walking
276836411623488,-9.21336936950684,-8.21578025817871,-2.00810432434082,walking
276836431560103,-8.99618911743164,-7.93774652481079,-0.149952411651611,walking
276836451496717,-10.0628490447998,-7.95691823959351,3.02998113632202,walking
276836471433332,-12.4857473373413,-8.02881908416748,6.04708671569824,walking
276836491369998,-13.6006717681885,-8.80538749694824,2.62290024757385,walking
276836511306613,-11.9548578262329,-10.8762407302856,-0.542676568031311,walking
276836531243228,-6.92569065093994,-12.702618598938,-0.700720906257629,walking
276836551179269,-3.58578634262085,-12.8320446014404,-3.99560236930847,walking
276836571114582,-1.68416905403137,-13.1963596343994,-5.88728857040405,walking
276836591049842,-1.01812791824341,-14.7255296707153,-3.83278465270996,walking
276836610985155,-2.36472368240356,-15.8520355224609,0.477368175983429,walking
276836630920415,-3.69201326370239,-13.8818426132202,1.27713680267334,walking
276836650855728,-3.3059070110321,-10.8714284896851,-0.73427551984787,walking
276836670790988,-2.29718661308289,-9.23679161071777,-2.24283623695374,walking
276836690726301,-3.34936785697937,-7.33850431442261,-1.91239595413208,walking
276836710661561,-3.85615801811218,-6.24554872512817,-0.691189646720886,walking
276836730596873,-3.16598439216614,-6.82557773590088,-0.054249241948128,walking
276836750532134,-2.02212285995483,-7.43916177749634,-1.05037987232208,walking
276836770467446,-0.950658202171326,-6.92623853683472,-1.84536993503571,walking
276836790402707,-0.762437164783478,-5.72782325744629,-1.3329451084137,walking
276836810338019,-0.656266033649445,-5.66070938110352,-0.791786015033722,walking
276836830273280,0.579298436641693,-6.54273796081543,-0.121322192251682,walking
276836850208540,1.20190155506134,-6.45165634155273,0.831696450710297,walking
276836870143853,-1.28374040126801,-5.78054237365723,1.36806654930115,walking
276836890079113,-4.35821104049683,-6.18320608139038,1.10945177078247,walking
276836910014426,-7.15757417678833,-7.71717166900635,2.11515021324158,walking
276836929949686,-10.84983253479,-8.19653224945068,0.592222452163696,walking
276836949884998,-13.8905181884766,-7.62608623504639,1.45903778076172,walking
276836969820259,-13.22447681427,-6.83992481231689,6.87067556381226,decel
276836989755571,-10.1017637252808,-6.01062059402466,6.45881080627441,decel
276837009690832,-7.92021131515503,-6.62420463562012,-0.140525326132774,decel
276837029626144,-7.05628538131714,-8.87242317199707,-2.90860986709595,decel
276837049561301,-6.59778165817261,-11.0199756622314,-2.24293518066406,decel
276837069496353,-6.68466949462891,-15.0897808074951,-0.289001971483231,decel
276837089431405,-5.55046033859253,-18.5124435424805,3.83437752723694,decel
276837109366457,-2.74146819114685,-13.4551410675049,0.563441097736359,decel
276837129301457,-0.733668744564056,-7.45828342437744,-2.68354988098145,decel
276837149236509,0.091646008193493,-5.1717095375061,-2.11365628242493,decel
276837169171561,0.299172908067703,-4.41910362243652,-1.28515362739563,decel
276837189106613,-2.23473381996155,-5.7804970741272,-1.16543197631836,decel
276837209041613,-6.97916221618652,-8.31633472442627,-3.05232882499695,decel
276837228976665,-9.25744533538818,-9.62974643707275,-4.36941003799439,decel
276837248911717,-7.65024662017822,-7.91361618041992,-3.17693972587585,decel
276837268846769,-5.17911005020142,-6.38923311233521,-1.26610994338989,decel
276837288781769,-3.84701991081238,-7.57326030731201,-0.202944397926331,decel
276837308716821,-3.87599325180054,-9.07846260070801,0.01734571158886,decel
276837328651873,-3.62020540237427,-9.25102996826172,-0.744122385978699,decel
276837348586926,-3.22927618026733,-8.98258209228516,-2.13295793533325,decel
276837368521926,-3.22929096221924,-8.80521297454834,-2.506511926651,decel
276837388456978,-3.7216055393219,-8.76686000823975,-1.65406537055969,decel
276837408392030,-4.63382244110107,-8.75726890563965,-1.09854066371918,decel
276837428327082,-5.20818662643433,-8.62304306030273,-1.64450085163116,decel
276837448262082,-4.87034845352173,-8.16284847259522,-1.82170307636261,decel
276837468197134,-4.27188110351563,-7.58760786056519,-1.01235806941986,decel
276837488132186,-4.35877275466919,-7.78414392471314,0.199268445372581,decel
276837508067238,-5.23237800598145,-8.44566345214844,-0.226965144276619,decel
276837528002290,-5.89844512939453,-8.46004009246826,-1.66369140148163,decel
276837547937238,-6.15426301956177,-8.14844989776611,-1.66369831562042,decel
276837567872030,-5.44961309432983,-8.35936641693115,-0.75378280878067,decel
276837587806821,-5.15521335601807,-9.00171089172363,-0.035429991781712,decel
276837607741613,-5.55582475662231,-9.04964447021484,0.55361819267273,decel
276837627676405,-5.94678354263306,-8.01900672912598,0.812220752239227,decel
276837647611196,-6.75764465332031,-7.25201940536499,1.26717495918274,decel
276837667545988,-8.64480876922607,-7.39103174209595,2.36865282058716,decel
276837687480780,-10.8746500015259,-8.2586784362793,3.17320895195007,decel
276837707415571,-11.1497745513916,-9.81660938262939,0.85529488325119,decel
276837727350363,-8.7655143737793,-11.3601608276367,-1.577556848526,decel
276837747285103,-5.51731634140015,-12.4099674224854,-2.70299386978149,decel
276837767219894,-3.41299152374268,-12.2038354873657,-3.82364177703857,decel
276837787154686,-1.21696364879608,-11.2546892166138,-4.13493776321411,decel
276837807089478,-0.970828473567963,-9.77824306488037,-2.8993661403656,decel
276837827024269,-2.81455421447754,-8.38328647613525,-1.084317445755,decel
276837846959061,-4.85133743286133,-7.48687171936035,0.448176443576813,decel
276837866893853,-4.81274080276489,-7.64505767822266,0.524794638156891,decel
276837886828644,-4.00673532485962,-8.40244960784912,0.017146870493889,decel
276837906763436,-3.88608860969543,-8.52228736877441,-0.131320998072624,decel
276837926698228,-3.84749174118042,-8.36888694763184,-0.270210742950439,decel
276837946633019,-3.46138906478882,-8.43120002746582,-0.500092685222626,decel
276837966567811,-3.05598044395447,-8.70443534851074,-0.31811511516571,decel
276837986502603,-3.33593058586121,-8.92014598846436,0.127261057496071,decel
276838006437394,-3.36490392684937,-9.04957103729248,0.414598107337952,decel
276838026372134,-3.24908328056335,-8.75236129760742,0.850396156311035,decel
276838046306978,-3.38423943519592,-8.17232513427734,1.63579571247101,decel
276838066242134,-4.18544769287109,-7.73130655288696,2.22005486488342,decel
276838086177290,-5.5320463180542,-7.39574766159058,2.1290557384491,decel
276838106112498,-6.91243124008179,-7.22796630859375,2.21046304702759,decel
276838126047655,-7.64606857299805,-7.12250185012817,2.10030770301819,decel
276838145982811,-6.9848575592041,-7.03621244430542,0.563011050224304,decel
276838165917967,-5.56589078903198,-6.98827171325684,0.39538699388504,decel
276838185853176,-4.58613252639771,-7.37176036834717,1.57349002361298,decel
276838205788332,-4.30621242523193,-7.67375659942627,1.84645986557007,decel
276838225723488,-3.98150753974915,-7.51110696792603,1.32507109642029,decel
276838245658696,-3.21408724784851,-7.03174495697022,0.305005848407745,decel
276838265593853,-2.83278441429138,-6.30311298370361,-1.04071569442749,decel
276838285529009,-3.88976883888245,-6.87835454940796,-1.55792915821075,decel
276838305464165,-7.76540994644165,-10.7851810455322,-0.154727578163147,decel
276838325399373,-11.7134475708008,-15.6363582611084,2.22065424919128,decel
276838345334530,-9.16506099700928,-13.9250268936157,2.49363613128662,decel
276838365269686,-4.7102198600769,-7.2762393951416,1.34905552864075,decel
276838385204842,-3.04507660865784,-4.2993860244751,-0.226541176438332,decel
276838405140051,-1.78535664081574,-4.30418252944946,0.017706707119942,decel
276838425075207,-2.56240582466125,-6.50926446914673,0.266743659973145,decel
276838445010363,-4.29992198944092,-9.74018669128418,-0.825157523155212,decel
276838464945571,-5.72854423522949,-11.3508558273315,-2.59710574150085,decel
276838484880728,-5.83471441268921,-10.540732383728,-2.81260824203491,decel
276838504815884,-5.46306467056274,-8.20622825622559,-0.940078258514404,decel
276838524751040,-4.80665349960327,-7.39131116867065,1.22458446025848,decel
276838544686092,-4.45430850982666,-8.49864673614502,0.822308719158173,decel
276838564619686,-4.74388456344605,-9.02595138549805,-1.84998381137848,decel
276838584553228,-5.3278751373291,-8.26855754852295,-3.20049428939819,decel
276838604486821,-5.46300411224365,-7.74125957489014,-2.66411352157593,decel
276838624420415,-4.87898969650269,-7.95218324661255,-1.58177936077118,decel
276838644354009,-4.12122249603272,-8.54659843444824,0.046508178114891,decel
276838664287603,-3.942631483078,-9.11225128173828,0.54936558008194,decel
276838684221144,-4.40595960617065,-9.00200080871582,-0.29829329252243,decel
276838704154738,-5.0189094543457,-8.41238403320313,-0.681412875652313,decel
276838724088332,-5.79595851898193,-8.01930904388428,-0.743665099143982,decel
276838744021926,-6.29307270050049,-8.11997890472412,-0.911276817321777,decel
276838763955467,-6.18205213546753,-8.2302360534668,-1.49553716182709,decel
276838783889061,-5.5352931022644,-8.42677879333496,-1.76371920108795,decel
276838803822655,-4.57964038848877,-8.73357391357422,-0.791533410549164,decel
276838823756248,-4.0583701133728,-8.99243450164795,0.467996180057526,decel
276838843689842,-3.73981142044067,-9.16500949859619,0.400954902172089,decel
276838863623384,-3.89424633979797,-8.79590129852295,-0.058789744973183,decel
276838883556978,-4.59889841079712,-8.47472953796387,-0.609526574611664,decel
276838903490571,-5.17323589324951,-8.4220027923584,-1.50986516475678,decel
276838923424165,-5.14909172058106,-8.32613277435303,-1.93608629703522,decel
276838943357759,-4.60851526260376,-8.26381778717041,-1.38533818721771,decel
276838963291301,-4.27547693252564,-8.45556735992432,-0.643027663230896,decel
276838983224894,-4.21272134780884,-8.82947444915772,-0.681334555149078,decel
276839003158488,-4.31406450271606,-9.0260181427002,-1.19375908374786,decel
276839023092082,-4.29957342147827,-8.86783027648926,-1.32784724235535,decel
276839043025623,-4.12580823898315,-8.77196025848389,-0.848935127258301,decel
276839062959894,-3.95204401016235,-8.84386730194092,-0.432280898094177,decel
276839082894321,-4.0002965927124,-8.93015575408936,-0.494533121585846,decel
276839102828748,-4.30435180664063,-8.94454002380371,-0.824972987174988,decel
276839122763176,-4.60358047485352,-8.73362255096436,-1.30866301059723,decel
276839142697603,-4.67596578598022,-8.37889671325684,-1.69178259372711,decel
276839162632030,-4.56494474411011,-8.31658172607422,-1.38527679443359,decel
276839182566457,-4.34774208068848,-8.69048881530762,-0.896786630153656,decel
276839202500884,-4.08227443695068,-8.99249172210693,-1.02608585357666,decel
276839222435311,-3.95213389396667,-9.0164155960083,-1.43802642822266,decel
276839242369738,-3.99556398391724,-8.87260913848877,-1.68705379962921,decel
276839262304165,-4.0920844078064,-8.71921443939209,-1.49069845676422,decel
276839282238592,-4.09690284729004,-8.78632831573486,-1.07404589653015,decel
276839302173019,-3.99553918838501,-9.00204372406006,-0.690916836261749,decel
276839322107446,-3.91830730438232,-9.1410608291626,-0.595131695270538,decel
276839342041873,-4.00517511367798,-9.03081130981445,-0.911206126213074,decel
276839361976353,-4.24166345596314,-8.83427333831787,-1.17460083961487,decel
276839381910780,-4.34301137924194,-8.71443271636963,-1.36137044429779,decel
276839401845207,-4.28025913238525,-8.64253044128418,-1.56250727176666,decel
276839421779634,-4.21268033981323,-8.65211963653564,-1.5912379026413,decel
276839441714061,-4.17405986785889,-8.76716899871826,-1.45714008808136,decel
276839461648488,-4.1499195098877,-8.92056941986084,-1.33262062072754,decel
276839481582915,-4.18852281570435,-8.93015766143799,-1.17936670780182,decel
276839501517342,-4.2512583732605,-8.86784267425537,-1.02132368087769,stationary
276839521451769,-4.33812618255615,-8.84867000579834,-1.02610886096954,stationary
276839541386196,-4.30433320999146,-8.8870210647583,-1.10273003578186,stationary
276839561321717,-4.19814252853394,-8.85826206207275,-1.09793710708618,stationary
276839581257394,-4.04851388931274,-8.81991481781006,-1.05004262924194,stationary
276839601193123,-3.97128200531006,-8.81991672515869,-1.16976547241211,stationary
276839621128801,-3.99057960510254,-8.80553722381592,-1.35174596309662,stationary
276839641064478,-4.00505065917969,-8.80074596405029,-1.42836725711823,stationary
276839661000155,-3.990562915802,-8.81033515930176,-1.36610543727875,stationary
276839680935832,-4.08225774765015,-8.77198886871338,-1.32299995422363,stationary
276839700871561,-4.12568712234497,-8.76240253448486,-1.27989459037781,stationary
276839720807238,-4.22220802307129,-8.74802398681641,-1.20805466175079,stationary
276839740742915,-4.2608118057251,-8.78637599945068,-1.15537118911743,stationary
276839760678592,-4.26080274581909,-8.80075836181641,-1.11226570606232,stationary
276839780614269,-4.1883978843689,-8.85349082946777,-1.0978946685791,stationary
276839800549998,-4.14012479782105,-8.90622329711914,-1.26071894168854,stationary
276839820485676,-4.11598443984985,-8.83911418914795,-1.39001989364624,stationary
276839840421353,-4.07253789901733,-8.79597282409668,-1.31818008422852,stationary
276839860357030,-4.05322360992432,-8.79118061065674,-1.28465270996094,stationary
276839880292707,-4.12078619003296,-8.81035900115967,-1.31338322162628,stationary
276839900228436,-4.12560367584229,-8.84391593933106,-1.43310594558716,stationary
276839920164113,-4.07733106613159,-8.81036281585693,-1.56240689754486,stationary
276839940099790,-4.1304144859314,-8.75763511657715,-1.38041853904724,stationary
276839960035467,-4.19797611236572,-8.81995391845703,-1.12180519104004,stationary
276839979971144,-4.19314098358154,-8.91103458404541,-0.982918381690979,stationary
276839999906873,-4.06764507293701,-8.90145015716553,-1.0882740020752,stationary
276840019842551,-4.04350471496582,-8.82954788208008,-1.23194217681885,stationary
276840039778228,-4.14485168457031,-8.77681922912598,-1.28461790084839,stationary
276840059714165,-4.24137306213379,-8.77682113647461,-1.27503597736359,stationary
276840079650207,-4.24136447906494,-8.81996631622314,-1.19361793994904,stationary
276840099586248,-4.20757055282593,-8.8343505859375,-1.14093446731567,stationary
276840119522290,-4.15929794311523,-8.84873294830322,-1.16008687019348,stationary
276840139458332,-4.10619878768921,-8.86790943145752,-1.19360637664795,stationary
276840159394321,-4.13997507095337,-8.82476806640625,-1.17444634437561,stationary
276840179330363,-4.27510786056519,-8.74327850341797,-1.10739541053772,stationary
276840199266405,-4.37645578384399,-8.71931266784668,-1.08823537826538,stationary
276840219202446,-4.37644767761231,-8.74328327178955,-1.03555178642273,stationary
276840239138488,-4.38703489303589,-8.73825454711914,-1.05035352706909,stationary
276840259074530,-4.41117763519287,-8.71907711029053,-1.10782694816589,stationary
276840279010571,-4.41601371765137,-8.69990062713623,-1.11740982532501,stationary
276840298946561,-4.39671850204468,-8.73824691772461,-1.10304737091064,stationary
276840318882603,-4.319504737854,-8.80056190490723,-1.12699747085571,stationary
276840338818644,-4.21815872192383,-8.79576587677002,-1.08868968486786,stationary
276840358754686,-4.21334314346314,-8.77658843994141,-0.992913067340851,stationary
276840378690728,-4.23748588562012,-8.78137969970703,-0.959394335746765,stationary
276840398626769,-4.22301578521729,-8.76220226287842,-1.04081308841705,stationary
276840418562811,-4.28094387054443,-8.70946979522705,-1.09828662872314,stationary
276840438498853,-4.34852457046509,-8.71426010131836,-1.12702572345734,stationary
276840458434842,-4.37749338150024,-8.69987773895264,-1.22760081291199,stationary
276840478370884,-4.29062795639038,-8.66152572631836,-1.30423069000244,stationary
276840498306926,-4.21341419219971,-8.70945930480957,-1.09351658821106,stationary
276840518242967,-4.22307682037354,-8.78615474700928,-0.873224198818207,stationary
276840538179009,-4.29065799713135,-8.81491470336914,-0.782236695289612,stationary
276840558114738,-4.36306476593018,-8.79094314575195,-0.796608626842499,stationary
276840578050363,-4.37755441665649,-8.77655982971191,-0.892394661903381,stationary
276840597985988,-4.32930040359497,-8.80052661895752,-0.878032147884369,stationary
276840617921613,-4.28587198257446,-8.80531692504883,-0.925927579402924,stationary
276840637857186,-4.30518817901611,-8.70944118499756,-1.05044794082642,stationary
276840657792811,-4.3293309211731,-8.68067741394043,-1.00256204605103,stationary
276840677728436,-4.36312580108643,-8.7334041595459,-0.959465205669403,stationary
276840697664061,-4.34383010864258,-8.7429895401001,-1.01214969158173,stationary
276840717599686,-4.36314630508423,-8.71422481536865,-1.0073653459549,stationary
276840737535311,-4.36798286437988,-8.74298477172852,-0.954690337181091,stationary
276840757470936,-4.31490182876587,-8.78612422943115,-0.902015328407288,stationary
276840777406561,-4.27630043029785,-8.79091548919678,-0.863707482814789,stationary
276840797342186,-4.31492185592651,-8.75256443023682,-0.81103253364563,stationary
276840817277759,-4.37284994125366,-8.79090976715088,-0.772724747657776,stationary
276840837213384,-4.41147184371948,-8.78611469268799,-0.796674787998199,stationary
276840857149009,-4.39217567443848,-8.70941352844238,-0.854148268699646,stationary
276840877084634,-4.38253402709961,-8.68064880371094,-0.878098368644714,stationary
276840897020259,-4.38737010955811,-8.70461463928223,-0.844579637050629,stationary
276840916955884,-4.39220666885376,-8.72858142852783,-0.844584345817566,stationary
276840936891509,-4.37291097640991,-8.71899032592773,-0.83980005979538,stationary
276840956827134,-4.34396266937256,-8.7189884185791,-0.935586035251617,stationary
276840976762759,-4.31983995437622,-8.69501781463623,-0.973903238773346,stationary
276840996698384,-4.30054473876953,-8.72377681732178,-0.930806398391724,stationary
276841016633957,-4.23781108856201,-8.76691722869873,-0.878131449222565,stationary
276841036569582,-4.24747371673584,-8.76691436767578,-0.825456440448761,stationary
276841056504373,-4.339186668396,-8.73335552215576,-0.849406540393829,stationary
276841076438748,-4.36332893371582,-8.74773502349854,-0.892512798309326,stationary
276841096373123,-4.31990098953247,-8.79087448120117,-0.8063143491745,stationary
276841116307498,-4.31025838851929,-8.81004619598389,-0.739272177219391,stationary
276841136241821,-4.42127704620361,-8.78128337860107,-0.753644108772278,stationary
276841156176196,-4.45024633407593,-8.72375679016113,-0.859008193016052,stationary
276841176110571,-4.42129755020142,-8.72375392913818,-0.930848896503449,stationary
276841196044946,-4.41165494918823,-8.73813247680664,-0.868595838546753,stationary
276841215979321,-4.40683841705322,-8.73333549499512,-0.902123987674713,stationary
276841235913696,-4.36776685714722,-8.74303913116455,-0.921066284179688,stationary
276841255848019,-4.30985021591187,-8.75262641906738,-0.978535532951355,stationary
276841275782394,-4.27606534957886,-8.72386360168457,-0.992903172969818,stationary
276841295716769,-4.24228143692017,-8.79097366333008,-0.98332542181015,stationary
276841315651144,-4.23262929916382,-8.81014919281006,-0.945013344287872,stationary
276841335585519,-4.19401836395264,-8.80056190490723,-0.935435652732849,stationary
276841355519842,-4.22780466079712,-8.80056190490723,-0.940225183963776,stationary
276841375454217,-4.24228525161743,-8.80535411834717,-0.964170932769775,stationary
276841395388592,-4.24228620529175,-8.82932281494141,-0.968960404396057,stationary
276841415322967,-4.25194025039673,-8.83890914916992,-0.906702995300293,stationary
276841435257342,-4.24228811264038,-8.79097175598145,-0.930648684501648,stationary
276841455191665,-4.2664213180542,-8.74782943725586,-0.988117933273315,stationary
276841475126040,-4.29055452346802,-8.75741767883301,-0.992907464504242,stationary
276841495060415,-4.27124977111816,-8.77659130096436,-0.949806272983551,stationary
276841514994790,-4.28090333938599,-8.81014728546143,-0.945017635822296,stationary
276841534929165,-4.29055690765381,-8.77659034729004,-0.983330547809601,stationary
276841554864113,-4.27607822418213,-8.76220893859863,-0.99290919303894,stationary
276841574799634,-4.29538536071777,-8.77179718017578,-0.959386169910431,stationary
276841594735103,-4.28573322296143,-8.75741672515869,-0.921074032783508,stationary
276841614670623,-4.31469297409058,-8.74782752990723,-0.94023072719574,stationary
276841634606092,-4.31469392776489,-8.74303436279297,-0.96417647600174,stationary
276841654541613,-4.26160383224487,-8.77658939361572,-0.97375500202179,stationary
276841674477082,-4.27125787734985,-8.79576396942139,-0.997700810432434,stationary
276841694412603,-4.28573799133301,-8.7909688949585,-1.02164661884308,stationary
276841714348071,-4.27125978469849,-8.74782657623291,-1.02643609046936,stationary
276841734283592,-4.21816968917847,-8.79576301574707,-0.992913007736206,stationary
276841754219061,-4.19403743743897,-8.82452487945557,-0.959389984607697,stationary
276841774154582,-4.16025352478027,-8.85807991027832,-0.988124787807465,stationary
276841794090051,-4.16025447845459,-8.86766624450684,-1.02643775939941,stationary
276841814025519,-4.13129663467407,-8.88204765319824,-1.04559445381165,stationary
276841833961040,-4.11681795120239,-8.85328578948975,-1.02643859386444,stationary
276841853896509,-4.16508340835571,-8.80534839630127,-0.968970239162445,stationary
276841873832030,-4.23748207092285,-8.80055522918701,-1.00249421596527,stationary
276841893767498,-4.28092098236084,-8.80055522918701,-1.05996334552765,stationary
276841913703019,-4.28574800491333,-8.77179336547852,-1.04559659957886,stationary
276841933638488,-4.26644325256348,-8.76699829101563,-1.03122985363007,stationary
276841953574009,-4.26644420623779,-8.79576015472412,-0.983339548110962,stationary
276841973509478,-4.27609777450562,-8.81493473052979,-1.00728535652161,stationary
276841993444998,-4.24714040756226,-8.8005542755127,-1.05996549129486,stationary
276842013380467,-4.22300815582275,-8.77658462524414,-1.06475496292114,stationary
276842033315988,-4.2037034034729,-8.78137874603272,-1.07433354854584,stationary
276842053250780,-4.19405126571655,-8.80055332183838,-1.08391213417053,stationary
276842073184894,-4.20853185653687,-8.81972789764404,-1.0599672794342,stationary
276842093119061,-4.19888019561768,-8.80534648895264,-1.00249886512756,stationary
276842113053176,-4.19888114929199,-8.81013965606689,-0.997710227966309,stationary
276842132987342,-4.17474985122681,-8.80534553527832,-1.02644503116608,stationary
276842152921457,-4.18440389633179,-8.84369468688965,-1.0408126115799,stationary
276842172855623,-4.16027212142944,-8.86287021636963,-1.02165687084198,stationary
276842192789738,-4.16027307510376,-8.81972599029541,-1.00729012489319,stationary
276842212723853,-4.21336507797241,-8.76699542999268,-0.992923259735107,stationary
276842232658019,-4.2467999458313,-8.80063915252686,-0.949658811092377,stationary
276842252592134,-4.23714113235474,-8.81502151489258,-0.959234178066254,stationary
276842272526301,-4.24196147918701,-8.77188014984131,-1.04064548015594,stationary
276842292460415,-4.28056716918945,-8.76708793640137,-1.05022084712982,stationary
276842312394582,-4.29504060745239,-8.79105758666992,-1.02627265453339,stationary
276842332328696,-4.26124906539917,-8.79585266113281,-0.997535526752472,stationary
276842352262863,-4.25159025192261,-8.76709270477295,-1.01189994812012,stationary
276842372196978,-4.28054332733154,-8.76229953765869,-1.03105342388153,stationary
276842392131144,-4.25640487670898,-8.78147697448731,-0.99273806810379,stationary
276842412065259,-4.22744035720825,-8.81503295898438,-0.964000880718231,stationary
276842431999426,-4.2612190246582,-8.78627300262451,-0.973576188087463,stationary
276842451933540,-4.2901725769043,-8.77189445495606,-0.987940609455109,stationary
276842471867707,-4.29981851577759,-8.7671012878418,-1.02625036239624,stationary
276842491801821,-4.28050708770752,-8.8006591796875,-1.05019283294678,stationary
276842511735988,-4.2467155456543,-8.78627967834473,-1.04061186313629,stationary
276842531670103,-4.23223066329956,-8.77190017700195,-0.992718458175659,stationary
276842551604634,-4.24187707901001,-8.79586887359619,-0.954403162002564,stationary
276842571539686,-4.27565670013428,-8.77669620513916,-0.963978469371796,stationary
276842591474738,-4.27082395553589,-8.76231670379639,-1.00228822231293,stationary
276842611409790,-4.28529739379883,-8.77669906616211,-1.01665270328522,stationary
276842631344842,-4.27081203460693,-8.76711368560791,-1.02143895626068,stationary
276842651279946,-4.25150060653687,-8.8006706237793,-1.00706899166107,stationary
276842671214998,-4.24666738510132,-8.80546569824219,-0.987909853458405,stationary
276842691150051,-4.26114130020142,-8.76232433319092,-1.01185238361359,stationary
276842711085103,-4.28044080734253,-8.75273895263672,-0.963958919048309,stationary
276842731020207,-4.29491472244263,-8.78629684448242,-0.9495889544487,stationary
276842750955259,-4.25629663467407,-8.79109001159668,-1.00226593017578,stationary
276842770890311,-4.24663782119751,-8.77191829681397,-1.04057562351227,stationary
276842790825363,-4.27076387405396,-8.74795055389404,-1.05493998527527,stationary
276842810760467,-4.29006433486939,-8.77671432495117,-1.03578090667725,stationary
276842830695519,-4.26109886169434,-8.81506538391113,-1.04535627365112,stationary
276842850630571,-4.22730779647827,-8.76233577728272,-0.983095645904541,stationary
276842870565623,-4.24660730361939,-8.77671909332275,-0.954358458518982,stationary
276842890500676,-4.27073383331299,-8.78151416778564,-0.983090043067932,stationary
276842910435780,-4.29486036300659,-8.78151607513428,-1.04534506797791,stationary
276842930370832,-4.29485416412354,-8.76234245300293,-1.11238920688629,stationary
276842950305884,-4.27554225921631,-8.76713752746582,-1.05012857913971,stationary
276842970240936,-4.25623035430908,-8.80548858642578,-0.949555397033691,stationary
276842990176040,-4.25622463226318,-8.79590225219727,-0.935185372829437,stationary
276843010111092,-4.2755241394043,-8.77193641662598,-0.968706071376801,stationary
276843030046144,-4.27069187164307,-8.74796867370606,-1.04053926467896,stationary
276843049981248,-4.27551174163818,-8.76714515686035,-1.03574740886688,stationary
276843069916561,-4.19828319549561,-8.81029033660889,-1.0261664390564,stationary
276843089851821,-4.21275615692139,-8.80549716949463,-0.992640197277069,stationary
276843109787134,-4.26101493835449,-8.78632545471191,-0.987848341464996,stationary
276843129722446,-4.2706618309021,-8.77194499969482,-1.00221276283264,stationary
276843149657759,-4.24169731140137,-8.80550193786621,-0.992631793022156,stationary
276843169593019,-4.21273231506348,-8.82467842102051,-0.987839937210083,stationary
276843189528332,-4.23685884475708,-8.78153705596924,-1.01178252696991,stationary
276843209463644,-4.27063751220703,-8.74318981170654,-1.02614688873291,stationary
276843229398957,-4.27573871612549,-8.77188205718994,-0.987962067127228,stationary
276843249334217,-4.23712682723999,-8.80543804168701,-0.987961828708649,stationary
276843269269530,-4.22264671325684,-8.79585075378418,-1.08853209018707,stationary
276843289204842,-4.25160503387451,-8.74312114715576,-1.03106307983398,stationary
276843309140103,-4.29986906051636,-8.76708889007568,-0.901758074760437,stationary
276843329075415,-4.3143482208252,-8.78626346588135,-0.954437613487244,stationary
276843349010728,-4.31434774398804,-8.75750255584717,-1.02148425579071,stationary
276843368946040,-4.34813261032105,-8.76229476928711,-0.997538685798645,stationary
276843388881301,-4.34813213348389,-8.76708889007568,-0.987960338592529,stationary
276843408816613,-4.29021406173706,-8.74791431427002,-0.997538268566132,stationary
276843428751926,-4.23229598999023,-8.72394752502441,-1.05021786689758,stationary
276843448687238,-4.21781587600708,-8.85337543487549,-1.05979573726654,stationary
276843468622498,-4.10680675506592,-8.99239158630371,-1.0406391620636,stationary
276843488557811,-3.99579811096191,-8.93966197967529,-1.00232648849487,stationary
276843508493123,-4.01510334014893,-8.93966197967529,-0.992748141288757,stationary
276843528428436,-4.06336736679077,-8.98280429840088,-1.002326130867,stationary
276843548363748,-4.07784605026245,-8.85816955566406,-1.05500555038452,stationary
276843568299269,-4.14059019088745,-8.70956611633301,-1.16994297504425,stationary
276843588234790,-4.29503679275513,-8.66642475128174,-1.22262251377106,stationary
276843608170311,-4.34812736511231,-8.69518661499023,-1.20825493335724,stationary
276843628105832,-4.26607704162598,-8.73353481292725,-1.05500471591949,stationary
276843648041353,-4.23229074478149,-8.86775684356689,-0.930488765239716,stationary
276843667976821,-4.20333194732666,-8.83420276641846,-0.93527764081955,stationary
276843687912342,-4.28055477142334,-8.76229667663574,-0.96401184797287,stationary
276843707847863,-4.42052173614502,-8.71915435791016,-0.992745995521545,stationary
276843727783384,-4.44948053359985,-8.71436023712158,-1.01669120788574,stationary
276843747718905,-4.39156198501587,-8.68080615997314,-1.01669096946716,stationary
276843767654426,-4.39638805389404,-8.67121887207031,-0.964010953903198,stationary
276843787589946,-4.47361087799072,-8.69998073577881,-0.892174780368805,stationary
276843807525467,-4.5508337020874,-8.64725112915039,-0.877807378768921,stationary
276843827460988,-4.60392475128174,-8.5897274017334,-0.901752531528473,stationary
276843847396509,-4.58944463729858,-8.59452056884766,-0.959221065044403,stationary
276843867332030,-4.48808860778809,-8.64245700836182,-1.0214786529541,stationary
276843887267498,-4.31916189193726,-8.7143611907959,-0.983165919780731,stationary
276843907203644,-4.22193002700806,-8.8056173324585,-0.968472063541412,stationary
276843927140103,-4.17366552352905,-8.82479190826416,-0.968472063541412,stationary
276843947076509,-4.09644174575806,-8.86314201354981,-0.90621417760849,stationary
276843967012915,-4.10609483718872,-8.90149021148682,-0.815221965312958,stationary
276843986949373,-4.15918588638306,-8.9206657409668,-0.858323514461517,stationary
276844006885780,-4.19297122955322,-8.83438014984131,-1.02115178108215,stationary
276844026822186,-4.24123573303223,-8.69536399841309,-1.14566743373871,stationary
276844046758071,-4.35224437713623,-8.67139530181885,-1.14566743373871,stationary
276844066691248,-4.41016244888306,-8.74330043792725,-1.03551888465881,stationary
276844086624426,-4.49221229553223,-8.71453762054443,-0.944526672363281,stationary
276844106557655,-4.55012989044189,-8.64263343811035,-0.954104840755463,stationary
276844126490832,-4.47773313522339,-8.69536399841309,-0.982839167118073,stationary
276844146424009,-4.30880641937256,-8.82958602905273,-1.0067845582962,stationary
276844166357238,-4.11574745178223,-8.93025207519531,-1.04030799865723,stationary
276844186290415,-4.04817724227905,-8.89669704437256,-1.05467522144318,stationary
276844206223592,-4.01921796798706,-8.89669704437256,-1.02594089508057,stationary
276844226156821,-3.99991250038147,-8.9206657409668,-1.02594089508057,stationary
276844246089998,-4.01439189910889,-8.87752246856689,-1.01636266708374,stationary
276844266023176,-4.11574745178223,-8.81520557403564,-1.07383143901825,stationary
276844285956405,-4.18814468383789,-8.78164958953857,-1.08340966701508,stationary
276844305889582,-4.23158311843872,-8.74330043792725,-1.08340966701508,stationary
276844325822759,-4.30880641937256,-8.70015716552734,-1.03551888465881,stationary
276844345755988,-4.40533542633057,-8.69056987762451,-1.01636266708374,stationary
276844365689165,-4.52117109298706,-8.68098258972168,-0.978050112724304,stationary
276844385622342,-4.61287403106689,-8.66660213470459,-0.848745405673981,stationary
276844405555571,-4.61287403106689,-8.68098258972168,-0.786487579345703,stationary
276844425488748,-4.50186538696289,-8.72891998291016,-0.896636068820953,stationary
276844445421926,-4.32811260223389,-8.70015716552734,-0.987628281116486,stationary
276844465355155,-4.21227741241455,-8.70015716552734,-1.06904244422913,stationary
276844485288332,-4.20745038986206,-8.73850631713867,-1.11693298816681,stationary
276844505221509,-4.24123573303223,-8.85355377197266,-0.901425123214722,stationary
276844525154738,-4.25571537017822,-8.88231563568115,-0.781698524951935,stationary
276844545088019,-4.27502107620239,-8.82958602905273,-0.772120356559753,stationary
276844565022498,-4.23158311843872,-8.8056173324585,-0.781698524951935,stationary
276844584957030,-4.15435934066772,-8.93504619598389,-0.863112568855286,stationary
276844604891509,-4.14470672607422,-8.97818946838379,-0.867901623249054,stationary
276844624826040,-4.22193002700806,-8.85355377197266,-0.834378242492676,stationary
276844644760519,-4.45842695236206,-8.39336395263672,-0.939737617969513,stationary
276844664694998,-4.25571537017822,-8.77685546875,-0.709862530231476,stationary
276844684629530,-4.22675657272339,-8.86793518066406,-1.15045654773712,stationary
276844704564009,-4.23158311843872,-8.68577575683594,-1.16003465652466,stationary
276844724498488,-4.30398035049439,-8.64263343811035,-0.863112568855286,stationary
276844744433019,-4.35224437713623,-8.76726818084717,-0.800854742527008,stationary
276844764367498,-4.20262432098389,-8.95422077178955,-0.829589128494263,stationary
276844784301978,-4.23158311843872,-9.07885551452637,-0.915792286396027,stationary
276844804236509,-4.40533542633057,-9.02133178710938,-1.03551888465881,stationary
276844824170988,-4.38120365142822,-8.76247406005859,-0.834378242492676,stationary
276844844105519,-4.32811260223389,-8.48444366455078,-0.532667100429535,stationary
276844864039998,-4.20262432098389,-8.61866569519043,-0.604503095149994,stationary
276844883974478,-4.29432725906372,-8.88231563568115,-0.973261058330536,stationary
276844903909009,-4.33806705474854,-8.69049453735352,-0.949456036090851,stationary
276844923843488,-4.19327878952026,-8.66652488708496,-0.906357228755951,stationary
276844943777967,-4.13536691665649,-8.84868240356445,-1.04045379161835,stationary
276844963712498,-4.29464673995972,-8.76718807220459,-0.959042489528656,stationary
276844983646978,-4.28017282485962,-8.7911548614502,-0.877631187438965,stationary
276845003581509,-4.19812917709351,-8.88223266601563,-0.992571532726288,stationary
276845023515988,-4.1498703956604,-8.84388256072998,-0.968629002571106,stationary
276845043450467,-4.20296764373779,-8.77676963806152,-1.0069442987442,stationary
276845063385936,-4.26089096069336,-8.76238632202148,-0.901587665081024,stationary
276845083321405,-4.41051769256592,-8.69048118591309,-0.95427018404007,stationary
276845103256873,-4.37673807144165,-8.71924114227295,-0.992585420608521,stationary
276845123192290,-4.32848024368286,-8.71924018859863,-0.973431944847107,stationary
276845143127759,-4.35744476318359,-8.80552387237549,-0.872864365577698,stationary
276845163063228,-4.37675666809082,-8.8966007232666,-0.872867166996002,stationary
276845182998696,-4.27057981491089,-8.81510829925537,-0.925549626350403,stationary
276845202934113,-4.20784187316895,-8.74799537658691,-0.920763373374939,stationary
276845222869582,-4.21750068664551,-8.78634452819824,-0.896820902824402,stationary
276845242805051,-4.2319860458374,-8.86783409118652,-0.892034590244293,stationary
276845262740519,-4.27543020248413,-8.88700771331787,-0.824990451335907,stationary
276845282675988,-4.27060985565186,-8.80072021484375,-0.848938584327698,stationary
276845302611405,-4.24648332595825,-8.81509876251221,-0.906410157680512,stationary
276845322546873,-4.20305109024048,-8.73360538482666,-0.935147345066071,stationary
276845342482342,-4.2513222694397,-8.61376285552979,-0.90641576051712,stationary
276845362417811,-4.34785747528076,-8.78633403778076,-0.930363774299622,stationary
276845382353228,-4.41543388366699,-8.81029987335205,-0.925577521324158,stationary
276845402288696,-4.38648128509522,-8.67607688903809,-0.892056882381439,stationary
276845422224165,-4.33339595794678,-8.66648769378662,-0.920794010162354,stationary
276845442159634,-4.25135231018066,-8.7479772567749,-0.906429648399353,stationary
276845462095103,-4.19344043731689,-8.9445161819458,-0.892065227031708,stationary
276845482030519,-4.19344615936279,-8.88699054718018,-0.916013300418854,stationary
276845501965988,-4.17414665222168,-8.72400569915772,-0.954328596591949,stationary