  ID,EXPERIMENT,SENSOR,TIMESTAMP,X,Y,Z
1,1,android.sensor.accelerometer,19:06.6,3.060806274,-20.76791573,-54.81108856
2,1,android.sensor.accelerometer,19:06.6,0.691172659,0.661584973,9.732445717
3,1,android.sensor.accelerometer,19:06.6,0.669818342,0.670607924,9.741108894
4,1,android.sensor.accelerometer,19:06.6,3.0597229,-20.35800934,-53.14292908
5,1,android.sensor.accelerometer,19:06.7,2.725082397,-20.15509415,-53.48115921
6,1,android.sensor.accelerometer,19:06.7,0.692171216,0.675246656,9.74324894
7,1,android.sensor.accelerometer,19:06.7,0.000195644,-0.001658486,0.000788681
8,1,android.sensor.accelerometer,19:06.8,3.579498291,-20.66827202,-54.68625641
9,1,android.sensor.accelerometer,19:06.8,0.001205587,0.000378258,0.000330346
10,1,android.sensor.accelerometer,19:06.8,0.689824462,0.673264265,9.739702225
11,1,android.sensor.accelerometer,19:06.8,2.905151367,-20.45510101,-52.11661148
12,1,android.sensor.accelerometer,19:06.9,0.676705539,0.673544168,9.734483719
13,1,android.sensor.accelerometer,19:06.9,0.000174479,0.000350988,0.000562311
14,1,android.sensor.accelerometer,19:06.9,3.721420288,-20.7849865,-52.39046478
15,1,android.sensor.accelerometer,19:06.9,0.68679744,0.670281887,9.730614662
16,1,android.sensor.accelerometer,19:06.9,0.000653199,-0.000283991,-0.000147355
17,1,android.sensor.accelerometer,19:07.0,2.449676514,-21.07224083,-51.47735596
18,1,android.sensor.accelerometer,19:07.0,2.641311646,-19.71226883,-52.42776489
19,1,android.sensor.accelerometer,19:07.0,0.689792931,0.680927694,9.733875275
20,1,android.sensor.accelerometer,19:07.0,0.000645118,-0.000591622,-0.000619071
21,1,android.sensor.accelerometer,19:07.0,0.000668571,0.000338859,-0.000263983
22,1,android.sensor.accelerometer,19:07.0,0.687631547,0.672188401,9.726700783
23,1,android.sensor.accelerometer,19:07.1,0.684403479,0.678599477,9.739654541
24,1,android.sensor.accelerometer,19:07.1,-0.000326029,0.000345274,0.000300773
25,1,android.sensor.accelerometer,19:07.1,2.210342407,-21.39488792,-52.8355484
26,1,android.sensor.accelerometer,19:07.2,2.817642212,-21.16973495,-52.34710693
27,1,android.sensor.accelerometer,19:07.2,0.689472795,0.673438907,9.757129669
28,1,android.sensor.accelerometer,19:07.2,0.000512387,7.15E-05,-0.000217043
29,1,android.sensor.accelerometer,19:07.2,2.080963135,-20.08000565,-52.12213516
30,1,android.sensor.accelerometer,19:07.3,0.688232303,0.67319119,9.741424561
31,1,android.sensor.accelerometer,19:07.3,0.000488917,-0.000300781,-0.000717552
32,1,android.sensor.accelerometer,19:07.3,3.413970947,-20.52988434,-52.27869415
33,1,android.sensor.accelerometer,19:07.3,0.684122264,0.672881842,9.737724304
34,1,android.sensor.accelerometer,19:07.3,-0.000454396,0.000552999,-0.000700371
35,1,android.sensor.accelerometer,19:07.3,2.405456543,-20.46872711,-53.83310699
36,1,android.sensor.accelerometer,19:07.4,1.529632568,-21.34388733,-52.27641678
37,1,android.sensor.accelerometer,19:07.4,0.689590573,0.668988824,9.755569458
38,1,android.sensor.accelerometer,19:07.4,0.000516859,0.000477401,-2.90E-06
39,1,android.sensor.accelerometer,19:07.4,0.000432947,-0.000420222,-0.000413857
40,1,android.sensor.accelerometer,19:07.4,0.68449986,0.669694185,9.728082657
41,1,android.sensor.accelerometer,19:07.5,0.679581821,0.703652322,9.760515213
42,1,android.sensor.accelerometer,19:07.5,0.001118104,-7.56E-05,-0.00015741
43,1,android.sensor.accelerometer,19:07.5,2.42250061,-21.46490669,-52.6003418
44,1,android.sensor.accelerometer,19:07.5,3.323257446,-21.15426636,-53.55177689
45,1,android.sensor.accelerometer,19:07.6,-0.000236033,-0.000359455,-0.000185561
46,1,android.sensor.accelerometer,19:07.6,0.690763414,0.655805528,9.741059303
47,1,android.sensor.accelerometer,19:07.6,3.203689575,-21.37983322,-54.21587372
48,1,android.sensor.accelerometer,19:07.7,0.00013893,-7.92E-05,0.00060718
49,1,android.sensor.accelerometer,19:07.7,0.685953557,0.661060929,9.744394302
50,1,android.sensor.accelerometer,19:07.7,2.928649902,-20.36380386,-52.0952301
51,1,android.sensor.accelerometer,19:07.7,0.669921041,0.666292429,9.74693203
52,1,android.sensor.accelerometer,19:07.7,0.00129403,-4.28E-05,6.05E-05
53,1,android.sensor.accelerometer,19:07.7,2.595916748,-21.39543343,-51.90595245
54,1,android.sensor.accelerometer,19:07.8,0.691017807,0.675590038,9.737251282
55,1,android.sensor.accelerometer,19:07.8,0.002567535,-0.000389645,-0.000327326
56,1,android.sensor.accelerometer,19:07.8,0.000182597,-0.000210257,2.83E-05
57,1,android.sensor.accelerometer,19:07.8,0.682123005,0.675090671,9.744977951
58,1,android.sensor.accelerometer,19:07.8,3.315612793,-19.95809174,-52.41752243
59,1,android.sensor.accelerometer,19:07.9,2.473434448,-20.22729492,-51.89039612
60,1,android.sensor.accelerometer,19:07.9,0.678701341,0.67426002,9.741018295
61,1,android.sensor.accelerometer,19:07.9,0.000207763,-0.000475986,-0.00057678
62,1,android.sensor.accelerometer,19:07.9,2.381774902,-21.32301903,-52.99651337
63,1,android.sensor.accelerometer,19:08.0,0.682731271,0.675064325,9.757604599
64,1,android.sensor.accelerometer,19:08.0,5.00E-05,-6.22E-05,5.94E-06
65,1,android.sensor.accelerometer,19:08.0,2.623474121,-21.27165604,-51.7094574
66,1,android.sensor.accelerometer,19:08.1,0.000925915,-0.000352298,2.99E-05
67,1,android.sensor.accelerometer,19:08.1,0.675274551,0.682806015,9.759778023
68,1,android.sensor.accelerometer,19:08.1,2.109680176,-21.02812576,-51.96192932
69,1,android.sensor.accelerometer,19:08.1,0.683972657,0.675826311,9.750077248
70,1,android.sensor.accelerometer,19:08.1,6.77E-05,-0.000337843,-0.000284053
71,1,android.sensor.accelerometer,19:08.2,2.361572266,-22.16130257,-52.22835541
72,1,android.sensor.accelerometer,19:08.2,0.680360436,0.675190568,9.738964081
73,1,android.sensor.accelerometer,19:08.2,0.000153363,-0.000431416,9.87E-05
74,1,android.sensor.accelerometer,19:08.2,0.681119144,0.681417882,9.751720428
75,1,android.sensor.accelerometer,19:08.2,-1.15E-05,3.29E-05,0.000278394
76,1,android.sensor.accelerometer,19:08.2,3.222839355,-21.14959717,-52.47052002
77,1,android.sensor.accelerometer,19:08.3,3.4009552,-20.06493378,-52.93119812
78,1,android.sensor.accelerometer,19:08.3,-0.000590394,-2.83E-05,0.000418314
79,1,android.sensor.accelerometer,19:08.3,0.690886199,0.672045112,9.754745483
80,1,android.sensor.accelerometer,19:08.4,4.431365967,-20.12816238,-53.58742905
81,1,android.sensor.accelerometer,19:08.4,0.000523151,-0.000115333,-0.00052816
82,1,android.sensor.accelerometer,19:08.4,0.674652874,0.663723409,9.747476578
83,1,android.sensor.accelerometer,19:08.4,2.059539795,-21.38773155,-52.13710022
84,1,android.sensor.accelerometer,19:08.5,0.679467559,0.680615067,9.74995327
85,1,android.sensor.accelerometer,19:08.5,-0.000108155,-0.000151452,0.000419389
86,1,android.sensor.accelerometer,19:08.5,2.654922485,-21.84007835,-51.59755707
87,1,android.sensor.accelerometer,19:08.5,0.673945248,0.680346608,9.754440308
88,1,android.sensor.accelerometer,19:08.5,5.47E-05,-0.00046496,0.000413185
89,1,android.sensor.accelerometer,19:08.6,2.085174561,-20.20668411,-52.54320526
90,1,android.sensor.accelerometer,19:08.6,1.850845337,-21.60864639,-52.48962784
91,1,android.sensor.accelerometer,19:08.6,0.679293454,0.673487127,9.759572983
92,1,android.sensor.accelerometer,19:08.6,-0.000144637,-0.000410815,0.000994901
93,1,android.sensor.accelerometer,19:08.6,0.677032053,0.684336662,9.738336563
94,1,android.sensor.accelerometer,19:08.6,0.000267035,-3.79E-05,-0.000860042
95,1,android.sensor.accelerometer,19:08.7,0.678027749,0.679243565,9.75740242
96,1,android.sensor.accelerometer,19:08.7,2.84E-05,-6.46E-05,-0.000104138
97,1,android.sensor.accelerometer,19:08.7,3.055831909,-21.07811165,-52.20724487
98,1,android.sensor.accelerometer,19:08.8,3.591873169,-21.02846146,-52.46426773
99,1,android.sensor.accelerometer,19:08.8,-0.00022831,-0.000500691,0.000105538
100,1,android.sensor.accelerometer,19:08.8,0.686759651,0.676881313,9.741563797
101,1,android.sensor.accelerometer,19:08.8,2.307739258,-21.39875793,-52.02375793
102,1,android.sensor.accelerometer,19:08.9,0.679390788,0.679047704,9.752156258
103,1,android.sensor.accelerometer,19:08.9,7.98E-06,-0.000185965,-0.000523312
104,1,android.sensor.accelerometer,19:08.9,3.454055786,-21.33558464,-52.1018219
105,1,android.sensor.accelerometer,19:08.9,-5.52E-05,0.000470576,-0.00023602
106,1,android.sensor.accelerometer,19:08.9,0.679483712,0.672667384,9.751325607
107,1,android.sensor.accelerometer,19:08.9,2.549667358,-20.70192146,-51.50814056
108,1,android.sensor.accelerometer,19:09.0,3.636352539,-20.97219086,-51.57543182
109,1,android.sensor.accelerometer,19:09.0,-0.000302378,0.000250844,0.000105921
110,1,android.sensor.accelerometer,19:09.0,0.687133253,0.677970767,9.745787621
111,1,android.sensor.accelerometer,19:09.0,0.677433133,0.67564553,9.739023209
112,1,android.sensor.accelerometer,19:09.0,-0.000302185,0.000565521,-0.000124541
113,1,android.sensor.accelerometer,19:09.1,0.679094434,0.677900076,9.746907234
114,1,android.sensor.accelerometer,19:09.1,-0.000301992,-0.000415655,-0.000292115
115,1,android.sensor.accelerometer,19:09.1,2.278274536,-21.77760506,-52.22190857
116,1,android.sensor.accelerometer,19:09.1,3.305786133,-20.56427383,-53.27064514
117,1,android.sensor.accelerometer,19:09.2,-0.000182411,-0.000184829,-0.000210692
118,1,android.sensor.accelerometer,19:09.2,0.677259028,0.676687181,9.758483887
119,1,android.sensor.accelerometer,19:09.2,3.050109863,-21.53468132,-52.67133331
120,1,android.sensor.accelerometer,19:09.2,0.673385084,0.673119485,9.75061512
121,1,android.sensor.accelerometer,19:09.2,0.000207885,0.000371179,-0.000522448
122,1,android.sensor.accelerometer,19:09.3,1.949264526,-20.52754593,-51.95922852
123,1,android.sensor.accelerometer,19:09.3,0.687512577,0.681606889,9.748422623
124,1,android.sensor.accelerometer,19:09.3,0.000335653,0.000227467,0.000106559
125,1,android.sensor.accelerometer,19:09.3,1.948532104,-21.20682144,-51.71208191
126,1,android.sensor.accelerometer,19:09.4,0.681611598,0.674209535,9.755279541
127,1,android.sensor.accelerometer,19:09.4,-0.000431351,-0.000804811,0.000551256
128,1,android.sensor.accelerometer,19:09.4,-0.000799775,-0.000498321,-2.33E-05
129,1,android.sensor.accelerometer,19:09.4,0.683447957,0.674778223,9.758361816
130,1,android.sensor.accelerometer,19:09.4,2.446075439,-20.92782593,-52.56734467
131,1,android.sensor.accelerometer,19:09.5,2.269515991,-21.00743294,-51.75710297
132,1,android.sensor.accelerometer,19:09.5,0.682311356,0.681201875,9.751997948
133,1,android.sensor.accelerometer,19:09.5,-0.000241176,0.000149758,0.001071882
134,1,android.sensor.accelerometer,19:09.5,1.839904785,-20.95182419,-51.72628021
135,1,android.sensor.accelerometer,19:09.6,0.000290214,-0.000183423,-0.000502783
136,1,android.sensor.accelerometer,19:09.6,0.678178906,0.668109536,9.747414589
137,1,android.sensor.accelerometer,19:09.6,3.112136841,-21.18099213,-51.4323349
138,1,android.sensor.accelerometer,19:09.6,0.683924317,0.675285757,9.756343842
139,1,android.sensor.accelerometer,19:09.6,-0.000302391,-0.000237015,-0.000522935
140,1,android.sensor.accelerometer,19:09.7,2.769332886,-20.95500946,-51.50444031
141,1,android.sensor.accelerometer,19:09.7,0.676277101,0.691464067,9.755537033
142,1,android.sensor.accelerometer,19:09.7,-0.000293241,0.000208177,-0.000239476
143,1,android.sensor.accelerometer,19:09.8,1.484069824,-19.55990219,-53.28787231
144,1,android.sensor.accelerometer,19:09.8,0.692615628,0.674643755,9.762452126
145,1,android.sensor.accelerometer,19:09.8,-1.95E-05,-0.000350179,-0.000524045
146,1,android.sensor.accelerometer,19:09.8,-0.000495085,0.000665371,0.000462589
147,1,android.sensor.accelerometer,19:09.8,0.681719959,0.678521574,9.759176254
148,1,android.sensor.accelerometer,19:09.8,3.313858032,-21.35455894,-53.47492599
149,1,android.sensor.accelerometer,19:09.9,3.323394775,-20.06835175,-54.75086212
150,1,android.sensor.accelerometer,19:09.9,0.688714147,0.678386688,9.749283791
151,1,android.sensor.accelerometer,19:09.9,0.000133714,-0.0003594,0.000148134
152,1,android.sensor.accelerometer,19:10.0,-0.000332346,-0.000400011,0.000148102
153,1,android.sensor.accelerometer,19:10.0,0.679622591,0.680978417,9.763241768
154,1,android.sensor.accelerometer,19:10.0,3.248977661,-21.53848839,-52.8962822
155,1,android.sensor.accelerometer,19:10.0,2.488464355,-21.3111248,-53.28722382
156,1,android.sensor.accelerometer,19:10.0,0.000285188,-0.00040007,-0.000166335
157,1,android.sensor.accelerometer,19:10.0,0.688043475,0.667828023,9.754448891
158,1,android.sensor.accelerometer,19:10.1,2.466033936,-21.35416222,-50.98432159
159,1,android.sensor.accelerometer,19:10.1,-0.000180854,2.91E-05,0.000148038
160,1,android.sensor.accelerometer,19:10.1,0.684229672,0.682556391,9.751060486
161,1,android.sensor.accelerometer,19:10.2,3.284439087,-20.15100098,-51.72101974
162,1,android.sensor.accelerometer,19:10.2,0.675372303,0.67533201,9.768174171
163,1,android.sensor.accelerometer,19:10.2,-0.000669182,0.000439373,0.000288536
164,1,android.sensor.accelerometer,19:10.2,0.00030733,-0.000400248,7.44E-06
165,1,android.sensor.accelerometer,19:10.2,0.680826783,0.673381925,9.754441261
166,1,android.sensor.accelerometer,19:10.2,2.827346802,-20.51765823,-52.15036774
167,1,android.sensor.accelerometer,19:10.3,-0.000180998,0.000309868,8.51E-05
168,1,android.sensor.accelerometer,19:10.3,0.667494237,0.676159859,9.762293816
169,1,android.sensor.accelerometer,19:10.3,2.757293701,-20.31798553,-51.581604
170,1,android.sensor.accelerometer,19:10.4,2.463668823,-21.69257736,-52.1595459
171,1,android.sensor.accelerometer,19:10.4,-0.000310518,0.000979302,-0.00010361
172,1,android.sensor.accelerometer,19:10.4,0.681412041,0.679420114,9.755945206
173,1,android.sensor.accelerometer,19:10.4,2.022506714,-20.6979599,-52.05661011
174,1,android.sensor.accelerometer,19:10.4,-5.16E-05,0.000357856,-0.000166526
175,1,android.sensor.accelerometer,19:10.4,0.667208314,0.665437102,9.768205643
176,1,android.sensor.accelerometer,19:10.5,2.030441284,-21.87913322,-52.03859711
177,1,android.sensor.accelerometer,19:10.5,0.000133263,-8.61E-05,-0.000414446
178,1,android.sensor.accelerometer,19:10.5,0.67841047,0.67623657,9.759395599
179,1,android.sensor.accelerometer,19:10.5,2.640884399,-21.30244064,-52.4391098
180,1,android.sensor.accelerometer,19:10.6,3.097290039,-21.43024254,-49.99952698
181,1,android.sensor.accelerometer,19:10.6,0.685256541,0.67482084,9.759215355
182,1,android.sensor.accelerometer,19:10.6,-0.000181191,-0.000282129,0.000388279
183,1,android.sensor.accelerometer,19:10.6,0.000136799,-0.000204614,0.000462188
184,1,android.sensor.accelerometer,19:10.6,0.673448861,0.679745138,9.76099968
185,1,android.sensor.accelerometer,19:10.7,-0.000810398,-1.63E-06,-0.000166853
186,1,android.sensor.accelerometer,19:10.7,0.686559558,0.674604774,9.764217377
187,1,android.sensor.accelerometer,19:10.7,2.439193726,-20.16438675,-53.15319443
188,1,android.sensor.accelerometer,19:10.7,2.152130127,-20.20556259,-52.21343231
189,1,android.sensor.accelerometer,19:10.8,0.000447156,0.000142699,-0.000373942
190,1,android.sensor.accelerometer,19:10.8,0.678509831,0.676983058,9.772220612
191,1,android.sensor.accelerometer,19:10.8,2.488525391,-21.38618279,-51.28133392
192,1,android.sensor.accelerometer,19:10.8,0.675923645,0.672350526,9.757444382
193,1,android.sensor.accelerometer,19:10.8,-0.000181722,-7.21E-05,-0.000274302
194,1,android.sensor.accelerometer,19:10.9,2.39364624,-20.6555748,-51.61766052
195,1,android.sensor.accelerometer,19:10.9,0.681883276,0.671334684,9.765096664
196,1,android.sensor.accelerometer,19:10.9,0.000787422,0.000253526,0.000147418
197,1,android.sensor.accelerometer,19:10.9,3.065307617,-20.6925869,-53.25235748
198,1,android.sensor.accelerometer,19:11.0,0.672240376,0.676441073,9.76423645
199,1,android.sensor.accelerometer,19:11.0,-0.000181856,-0.000183362,5.09E-05
200,1,android.sensor.accelerometer,19:11.0,-0.000181924,0.001292709,-7.07E-05
201,1,android.sensor.accelerometer,19:11.0,0.672571003,0.676120698,9.758792877
202,1,android.sensor.accelerometer,19:11.0,2.647964478,-21.12142372,-53.22265625
203,1,android.sensor.accelerometer,19:11.1,3.412384033,-20.52036285,-53.82365417
204,1,android.sensor.accelerometer,19:11.1,2.57E-05,0.000126449,-0.000167161
205,1,android.sensor.accelerometer,19:11.1,0.687702537,0.680933416,9.759365082
206,1,android.sensor.accelerometer,19:11.1,2.408355713,-19.82857895,-54.17733383
207,1,android.sensor.accelerometer,19:11.2,0.000382092,0.000871332,6.15E-05
208,1,android.sensor.accelerometer,19:11.2,0.682844698,0.678350151,9.76308918
209,1,android.sensor.accelerometer,19:11.2,3.303710938,-19.71877289,-51.98965454
210,1,android.sensor.accelerometer,19:11.2,0.687742651,0.670012355,9.765928268
211,1,android.sensor.accelerometer,19:11.2,-1.06E-05,0.000349124,0.000583568
212,1,android.sensor.accelerometer,19:11.3,2.050033569,-20.46126175,-51.89823151
213,1,android.sensor.accelerometer,19:11.3,0.681789577,0.664972723,9.757043839
214,1,android.sensor.accelerometer,19:11.3,-0.000186662,0.000349041,0.000147151
215,1,android.sensor.accelerometer,19:11.4,2.052505493,-20.01488113,-52.66040802
216,1,android.sensor.accelerometer,19:11.4,0.689644456,0.67320627,9.762286186
217,1,android.sensor.accelerometer,19:11.4,5.71E-05,-0.000204872,0.000147106
218,1,android.sensor.accelerometer,19:11.4,2.334228516,-21.15589523,-52.18667603
219,1,android.sensor.accelerometer,19:11.5,2.187011719,-21.82965851,-54.44785309
220,1,android.sensor.accelerometer,19:11.5,-0.000687084,0.000102862,-0.000262503
221,1,android.sensor.accelerometer,19:11.5,0.675288856,0.673807323,9.751529694
222,1,android.sensor.accelerometer,19:11.5,0.684683502,0.672608256,9.75527668
223,1,android.sensor.accelerometer,19:11.5,-0.00011461,-0.000432274,-0.000530065
224,1,android.sensor.accelerometer,19:11.6,0.676756799,0.6808061,9.765751839
225,1,android.sensor.accelerometer,19:11.6,-0.000371145,-6.00E-05,-0.000221929
226,1,android.sensor.accelerometer,19:11.6,2.248352051,-20.01218796,-53.60834503
227,1,android.sensor.accelerometer,19:11.6,2.121383667,-21.08528519,-52.05059814
228,1,android.sensor.accelerometer,19:11.6,0.000482667,0.000438352,0.00010848
229,1,android.sensor.accelerometer,19:11.6,0.67692554,0.675837934,9.760643005
230,1,android.sensor.accelerometer,19:11.7,2.645111084,-21.62624931,-53.49454498
231,1,android.sensor.accelerometer,19:11.7,0.673470795,0.680740535,9.77132225
232,1,android.sensor.accelerometer,19:11.7,3.72E-05,0.000191862,0.000211591
233,1,android.sensor.accelerometer,19:11.8,2.481002808,-20.97226524,-53.13100815
234,1,android.sensor.accelerometer,19:11.8,0.67310375,0.682788491,9.752672195
235,1,android.sensor.accelerometer,19:11.8,0.000279029,-0.000383963,0.000264752
236,1,android.sensor.accelerometer,19:11.8,2.776519775,-21.15157127,-52.11021042
237,1,android.sensor.accelerometer,19:11.9,-0.000410541,0.000779456,0.000375701
238,1,android.sensor.accelerometer,19:11.9,-9.37E-05,0.000190973,-0.000197297
239,1,android.sensor.accelerometer,19:11.9,0.679234147,0.678452432,9.774312019
240,1,android.sensor.accelerometer,19:11.9,0.679853737,0.672397077,9.758958817
241,1,android.sensor.accelerometer,19:11.9,0.528076172,-21.40675926,-52.55332184
242,1,android.sensor.accelerometer,19:12.0,3.397705078,-21.60629654,-53.19709778
243,1,android.sensor.accelerometer,19:12.0,-0.000121913,0.000505101,-0.00018298
244,1,android.sensor.accelerometer,19:12.0,0.673997581,0.677985907,9.760070801
245,1,android.sensor.accelerometer,19:12.0,2.738311768,-21.88480759,-53.65686417
246,1,android.sensor.accelerometer,19:12.0,0.672139585,0.680756211,9.76653862
247,1,android.sensor.accelerometer,19:12.0,-0.000124008,0.000153422,4.63E-05
248,1,android.sensor.accelerometer,19:12.1,2.740325928,-21.56350136,-51.01316071
249,1,android.sensor.accelerometer,19:12.1,0.000506488,0.00081895,0.000249376
250,1,android.sensor.accelerometer,19:12.1,0.684362531,0.681297004,9.765461922
251,1,android.sensor.accelerometer,19:12.2,3.411682129,-21.61296082,-52.74085236
252,1,android.sensor.accelerometer,19:12.2,3.344345093,-21.53772354,-53.71385956
253,1,android.sensor.accelerometer,19:12.2,-0.000122637,0.000786882,0.000524864
254,1,android.sensor.accelerometer,19:12.2,0.675324023,0.682733893,9.764652252
255,1,android.sensor.accelerometer,19:12.3,-0.000495717,0.000468413,-0.000913398
256,1,android.sensor.accelerometer,19:12.3,0.686215997,0.674297452,9.768219948
257,1,android.sensor.accelerometer,19:12.3,0.677850664,0.677420378,9.76867485
258,1,android.sensor.accelerometer,19:12.3,9.79E-05,-0.000826565,-0.000491197
259,1,android.sensor.accelerometer,19:12.3,3.404312134,-20.21101379,-53.23570251
260,1,android.sensor.accelerometer,19:12.3,3.585067749,-20.13932037,-53.11759186
261,1,android.sensor.accelerometer,19:12.4,0.675039887,0.674263179,9.757606506
262,1,android.sensor.accelerometer,19:12.4,-0.00029482,6.69E-05,6.70E-05
263,1,android.sensor.accelerometer,19:12.4,0.000270704,-0.000226753,-0.000265803
264,1,android.sensor.accelerometer,19:12.4,0.679441392,0.668505609,9.763998032
265,1,android.sensor.accelerometer,19:12.4,2.056045532,-19.70482254,-53.12216949
266,1,android.sensor.accelerometer,19:12.5,3.007369995,-21.00524902,-52.44210434
267,1,android.sensor.accelerometer,19:12.5,0.680216908,0.675204515,9.773199081
268,1,android.sensor.accelerometer,19:12.5,-0.000316304,-0.000694736,-0.000166485
269,1,android.sensor.accelerometer,19:12.5,2.282745361,-21.86203957,-53.54998779
270,1,android.sensor.accelerometer,19:12.6,0.688576519,0.673687875,9.765323639
271,1,android.sensor.accelerometer,19:12.6,0.000322549,0.000198232,0.000412188
272,1,android.sensor.accelerometer,19:12.6,2.413925171,-19.78450775,-53.09533691
273,1,android.sensor.accelerometer,19:12.7,-0.000124608,-0.000238813,7.69E-05
274,1,android.sensor.accelerometer,19:12.7,0.674411714,0.680059552,9.752044678
275,1,android.sensor.accelerometer,19:12.7,0.677450836,0.670432806,9.768465042
276,1,android.sensor.accelerometer,19:12.7,-0.000631134,6.96E-05,0.000589912
277,1,android.sensor.accelerometer,19:12.7,2.633331299,-20.56057358,-53.47192383
278,1,android.sensor.accelerometer,19:12.7,3.579315186,-21.82652664,-52.94284058
279,1,android.sensor.accelerometer,19:12.8,0.675138116,0.671059608,9.762844086
280,1,android.sensor.accelerometer,19:12.8,-0.000559982,6.96E-05,0.000203465
281,1,android.sensor.accelerometer,19:12.8,2.212539673,-20.39199448,-54.09229279
282,1,android.sensor.accelerometer,19:12.8,0.676599801,0.67286557,9.778060913
283,1,android.sensor.accelerometer,19:12.8,-0.000439123,0.000504769,-0.000354661
284,1,android.sensor.accelerometer,19:12.9,2.577590942,-21.20471191,-51.65258026
285,1,android.sensor.accelerometer,19:12.9,0.672650516,0.681274831,9.760416031
286,1,android.sensor.accelerometer,19:12.9,-0.000643516,0.000504129,-0.000779996
287,1,android.sensor.accelerometer,19:13.0,2.080703735,-21.54281998,-53.14447021
288,1,android.sensor.accelerometer,19:13.0,0.680487812,0.675019026,9.768987656
289,1,android.sensor.accelerometer,19:13.0,-0.000550725,-0.000451215,-0.000244788
290,1,android.sensor.accelerometer,19:13.0,2.688690186,-20.59324646,-52.61927795
291,1,android.sensor.accelerometer,19:13.1,1.966186523,-21.36923599,-52.7182312
292,1,android.sensor.accelerometer,19:13.1,0.670407951,0.672328889,9.75727272
293,1,android.sensor.accelerometer,19:13.1,0.000253476,-0.000268711,0.000127736
294,1,android.sensor.accelerometer,19:13.1,-9.07E-05,0.000388764,-8.73E-05
295,1,android.sensor.accelerometer,19:13.1,0.679313481,0.668765903,9.756291389
296,1,android.sensor.accelerometer,19:13.2,0.68043834,0.675202549,9.759157181
297,1,android.sensor.accelerometer,19:13.2,-0.000383469,-0.000577386,-0.00028714
298,1,android.sensor.accelerometer,19:13.2,1.481933594,-19.81478119,-53.6138916
299,1,android.sensor.accelerometer,19:13.2,3.269485474,-21.61686516,-52.59484482
300,1,android.sensor.accelerometer,19:13.2,0.000115275,-0.000363346,0.000230223
301,1,android.sensor.accelerometer,19:13.2,0.676533103,0.676164627,9.760627747
302,1,android.sensor.accelerometer,19:13.3,3.442565918,-21.00832939,-52.50917053
303,1,android.sensor.accelerometer,19:13.3,0.683385074,0.67967099,9.75113678
304,1,android.sensor.accelerometer,19:13.3,0.00024059,-0.000678419,0.000651703
305,1,android.sensor.accelerometer,19:13.4,3.269485474,-21.3327713,-52.51515961
306,1,android.sensor.accelerometer,19:13.4,0.683017075,0.676037073,9.757460594
307,1,android.sensor.accelerometer,19:13.4,0.00034359,0.000297257,0.000126013
308,1,android.sensor.accelerometer,19:13.4,3.82850647,-20.39487076,-52.89060974
309,1,android.sensor.accelerometer,19:13.5,0.679569364,0.679177463,9.763681412
310,1,android.sensor.accelerometer,19:13.5,-0.000285797,0.000263612,0.000125669
311,1,android.sensor.accelerometer,19:13.5,-5.01E-05,-0.000129636,0.000125324
312,1,android.sensor.accelerometer,19:13.5,0.679556966,0.668249488,9.762402534
313,1,android.sensor.accelerometer,19:13.5,3.187454224,-21.37601089,-51.27667999
314,1,android.sensor.accelerometer,19:13.6,0.000105773,-0.000599683,-0.000507019
315,1,android.sensor.accelerometer,19:13.6,2.680404663,-21.23329163,-51.85176849
316,1,android.sensor.accelerometer,19:13.6,0.684167564,0.680078268,9.756196976
317,1,android.sensor.accelerometer,19:13.6,2.228912354,-21.18478775,-51.70117188
318,1,android.sensor.accelerometer,19:13.6,0.679662645,0.674156666,9.756069183
319,1,android.sensor.accelerometer,19:13.6,-9.08E-05,0.000267377,0.000254432
320,1,android.sensor.accelerometer,19:13.7,2.233551025,-20.45677185,-53.06375885
321,1,android.sensor.accelerometer,19:13.7,0.670322359,0.674856663,9.760690689
322,1,android.sensor.accelerometer,19:13.7,-8.44E-05,-3.33E-05,4.62E-06
323,1,android.sensor.accelerometer,19:13.7,2.1121521,-20.29312897,-51.82209015
324,1,android.sensor.accelerometer,19:13.8,0.68596518,0.675255775,9.755163193
325,1,android.sensor.accelerometer,19:13.8,-0.000370923,-1.92E-05,0.000142719
326,1,android.sensor.accelerometer,19:13.8,2.523223877,-20.86662865,-51.91557693
327,1,android.sensor.accelerometer,19:13.9,0.000173706,-0.000525926,0.000444342
328,1,android.sensor.accelerometer,19:13.9,0.678267419,0.680539608,9.753858566
329,1,android.sensor.accelerometer,19:13.9,0.6770733,0.675785482,9.756672859
330,1,android.sensor.accelerometer,19:13.9,-4.10E-05,8.93E-05,-0.000498869
331,1,android.sensor.accelerometer,19:13.9,2.60546875,-20.6975975,-53.98083496
332,1,android.sensor.accelerometer,19:13.9,2.225509644,-20.34195709,-53.19283295
333,1,android.sensor.accelerometer,19:14.0,0.000320577,-0.000265595,0.000130119
334,1,android.sensor.accelerometer,19:14.0,0.67773515,0.686654985,9.756877899
335,1,android.sensor.accelerometer,19:14.0,0.000206301,-0.000224748,-0.000184215
336,1,android.sensor.accelerometer,19:14.0,0.676875412,0.671438336,9.764813423
337,1,android.sensor.accelerometer,19:14.0,1.627639771,-19.71232986,-53.43856812
338,1,android.sensor.accelerometer,19:14.1,2.507019043,-21.02243996,-52.91408539
339,1,android.sensor.accelerometer,19:14.1,0.677154243,0.675401211,9.767007828
340,1,android.sensor.accelerometer,19:14.1,-0.000443795,8.99E-05,-0.000184106
341,1,android.sensor.accelerometer,19:14.1,2.779998779,-21.74625587,-53.65530014
342,1,android.sensor.accelerometer,19:14.2,0.671628416,0.671187401,9.763860703
343,1,android.sensor.accelerometer,19:14.2,3.87E-05,-0.000264991,0.000130445
344,1,android.sensor.accelerometer,19:14.2,3.041366577,-20.31329346,-52.32023621
345,1,android.sensor.accelerometer,19:14.3,0.673995852,0.684120119,9.769955635
346,1,android.sensor.accelerometer,19:14.3,3.89E-05,0.000404741,0.000130553
347,1,android.sensor.accelerometer,19:14.3,0.000318237,-0.00018869,0.000445104
348,1,android.sensor.accelerometer,19:14.3,0.67587316,0.67784667,9.759110451
349,1,android.sensor.accelerometer,19:14.3,2.389022827,-20.01285553,-52.576828
350,1,android.sensor.accelerometer,19:14.3,2.260757446,-19.80048752,-52.18011093
351,1,android.sensor.accelerometer,19:14.4,0.677345157,0.677401304,9.764777184
352,1,android.sensor.accelerometer,19:14.4,0.000692567,9.41E-06,-0.000853203
353,1,android.sensor.accelerometer,19:14.4,3.608383179,-21.64366913,-52.3480835
354,1,android.sensor.accelerometer,19:14.4,0.670452774,0.674677491,9.755052567
355,1,android.sensor.accelerometer,19:14.4,-0.00022903,-0.00034548,0.00044532
356,1,android.sensor.accelerometer,19:14.5,2.956954956,-19.99910736,-51.90864563
357,1,android.sensor.accelerometer,19:14.5,-0.00025039,-5.54E-05,0.000130987
358,1,android.sensor.accelerometer,19:14.5,0.675819099,0.673766732,9.763314247
359,1,android.sensor.accelerometer,19:14.6,4.316345215,-21.07525826,-53.12037277
360,1,android.sensor.accelerometer,19:14.6,0.675817311,0.67876327,9.758989334
361,1,android.sensor.accelerometer,19:14.6,-0.000638189,1.84E-05,-0.000256276
362,1,android.sensor.accelerometer,19:14.6,2.78314209,-21.21041107,-53.25939178
363,1,android.sensor.accelerometer,19:14.7,3.003051758,-22.0337677,-53.33999634
364,1,android.sensor.accelerometer,19:14.7,0.674306512,0.672094285,9.764949799
365,1,android.sensor.accelerometer,19:14.7,-0.000296641,8.77E-05,1.94E-05
366,1,android.sensor.accelerometer,19:14.7,0.671377599,0.676330507,9.764884949
367,1,android.sensor.accelerometer,19:14.7,-0.000901518,8.34E-05,-6.90E-05
368,1,android.sensor.accelerometer,19:14.8,-0.000395293,-0.00047808,1.47E-05
369,1,android.sensor.accelerometer,19:14.8,0.681617796,0.681547284,9.765570641
370,1,android.sensor.accelerometer,19:14.8,2.379653931,-21.04133606,-52.21175385
371,1,android.sensor.accelerometer,19:14.8,2.477401733,-20.6155777,-52.83794403
372,1,android.sensor.accelerometer,19:14.8,0.679521143,0.679836988,9.765839577
373,1,android.sensor.accelerometer,19:14.8,-0.000107877,0.000329981,-0.000779881
374,1,android.sensor.accelerometer,19:14.9,3.600875854,-21.54691124,-52.2095871
375,1,android.sensor.accelerometer,19:14.9,-0.000107991,8.30E-05,9.58E-05
376,1,android.sensor.accelerometer,19:14.9,0.684932113,0.670204878,9.760828018
377,1,android.sensor.accelerometer,19:15.0,2.198760986,-20.34629059,-52.81427765
378,1,android.sensor.accelerometer,19:15.0,0.674956262,0.676828265,9.763436317
379,1,android.sensor.accelerometer,19:15.0,-0.000419587,-0.000228656,9.57E-05
380,1,android.sensor.accelerometer,19:15.0,2.245697021,-19.61021423,-51.59018707
381,1,android.sensor.accelerometer,19:15.1,0.673339009,0.679170549,9.766954422
382,1,android.sensor.accelerometer,19:15.1,-2.20E-05,8.27E-05,9.56E-05
383,1,android.sensor.accelerometer,19:15.1,-0.000194578,0.00040481,-0.000218858
384,1,android.sensor.accelerometer,19:15.1,0.673464596,0.673369348,9.756355286
385,1,android.sensor.accelerometer,19:15.1,4.172317505,-20.29691315,-54.48981857
386,1,android.sensor.accelerometer,19:15.2,0.678967535,0.677582681,9.770730972
387,1,android.sensor.accelerometer,19:15.2,-0.000108482,0.000429587,0.000128283
388,1,android.sensor.accelerometer,19:15.2,3.294830322,-20.31380081,-53.15896606
389,1,android.sensor.accelerometer,19:15.2,2.6065979,-20.31425095,-52.68497467
390,1,android.sensor.accelerometer,19:15.2,0.673330843,0.673523664,9.763671875
391,1,android.sensor.accelerometer,19:15.2,-0.00021186,8.22E-05,-0.000219012
392,1,android.sensor.accelerometer,19:15.3,2.504470825,-20.6925621,-50.82166672
393,1,android.sensor.accelerometer,19:15.3,0.678324401,0.674047112,9.759102821
394,1,android.sensor.accelerometer,19:15.3,1.33E-05,0.00041523,7.66E-05
395,1,android.sensor.accelerometer,19:15.3,3.472473145,-21.05140877,-52.28424072
396,1,android.sensor.accelerometer,19:15.4,0.668959022,0.677921236,9.767514229
397,1,android.sensor.accelerometer,19:15.4,0.000227543,0.00020392,-0.000555536
398,1,android.sensor.accelerometer,19:15.4,2.818328857,-19.86047363,-52.520401
399,1,android.sensor.accelerometer,19:15.5,0.669763684,0.675738811,9.774273872
400,1,android.sensor.accelerometer,19:15.5,0.000113057,0.000518207,0.000187584
401,1,android.sensor.accelerometer,19:15.5,-0.002306518,-0.001368422,0.000317138
402,1,android.sensor.accelerometer,19:15.5,0.697232664,0.664142847,9.759831429
403,1,android.sensor.accelerometer,19:15.5,1.917495728,-21.30983543,-53.21971893
404,1,android.sensor.accelerometer,19:15.5,2.025405884,-20.52452087,-52.32287979
405,1,android.sensor.accelerometer,19:15.5,0.642349899,0.670300245,9.777866364
406,1,android.sensor.accelerometer,19:15.5,-0.001296707,0.000528963,8.40E-05
407,1,android.sensor.accelerometer,19:15.6,0.684476018,0.673436284,9.762989998
408,1,android.sensor.accelerometer,19:15.6,0.001504005,-3.34E-05,-0.000221509
409,1,android.sensor.accelerometer,19:15.6,3.031890869,-20.01399231,-51.87648773
410,1,android.sensor.accelerometer,19:15.7,3.173431396,-21.43131065,-51.61064911
411,1,android.sensor.accelerometer,19:15.7,0.669953465,0.674838662,9.764352798
412,1,android.sensor.accelerometer,19:15.7,-0.001969056,0.000438851,-0.000223823
413,1,android.sensor.accelerometer,19:15.7,3.512039185,-21.35102081,-53.77958679
414,1,android.sensor.accelerometer,19:15.8,0.678423345,0.67935133,9.775920868
415,1,android.sensor.accelerometer,19:15.8,0.001022717,0.001270583,-0.000538554
416,1,android.sensor.accelerometer,19:15.8,2.514755249,-20.57618332,-51.87802124
417,1,android.sensor.accelerometer,19:15.9,-0.000620174,0.000467832,-0.00022432
418,1,android.sensor.accelerometer,19:15.9,0.679441988,0.674141347,9.779701233
419,1,android.sensor.accelerometer,19:15.9,2.617904663,-20.46598434,-53.11992645
420,1,android.sensor.accelerometer,19:15.9,1.717849731,-20.07810593,-51.96850204
421,1,android.sensor.accelerometer,19:15.9,0.672059715,0.678358078,9.769345284
422,1,android.sensor.accelerometer,19:15.9,-0.000102769,0.000112214,-0.000213666
423,1,android.sensor.accelerometer,19:15.9,-0.000284634,0.000662182,0.000707568
424,1,android.sensor.accelerometer,19:15.9,0.682473302,0.674405277,9.768119812
425,1,android.sensor.accelerometer,19:16.0,0.684891284,0.672680378,9.773216248
426,1,android.sensor.accelerometer,19:16.0,0.000891261,0.000699553,8.93E-05
427,1,android.sensor.accelerometer,19:16.0,2.998657227,-20.76815605,-52.54529953
428,1,android.sensor.accelerometer,19:16.1,2.224212646,-19.89120483,-52.19958496
429,1,android.sensor.accelerometer,19:16.1,0.680701852,0.666996241,9.772674561
430,1,android.sensor.accelerometer,19:16.1,-2.28E-05,0.000293256,-0.00019508
431,1,android.sensor.accelerometer,19:16.2,1.762817383,-19.85411453,-52.04270554
432,1,android.sensor.accelerometer,19:16.2,-0.000519177,0.000292794,-0.000591059
433,1,android.sensor.accelerometer,19:16.2,0.686325133,0.669686258,9.771749496
434,1,android.sensor.accelerometer,19:16.2,2.591506958,-20.23760605,-51.1841507
435,1,android.sensor.accelerometer,19:16.3,2.59588623,-19.67675781,-52.21284485
436,1,android.sensor.accelerometer,19:16.3,0.681032538,0.669133127,9.769489288
437,1,android.sensor.accelerometer,19:16.3,-0.00028145,-2.21E-05,0.000254072
438,1,android.sensor.accelerometer,19:16.3,0.685611069,0.677144945,9.75982666
439,1,android.sensor.accelerometer,19:16.3,-0.000359718,0.000259563,-0.000138512
440,1,android.sensor.accelerometer,19:16.3,0.000252127,-0.000144966,-0.000123126
441,1,android.sensor.accelerometer,19:16.3,0.667681515,0.668704271,9.771785736
442,1,android.sensor.accelerometer,19:16.4,2.934692383,-21.96294022,-52.62623978
443,1,android.sensor.accelerometer,19:16.4,1.788665771,-21.39057541,-51.37122726
444,1,android.sensor.accelerometer,19:16.4,0.677486598,0.67746973,9.764892578
445,1,android.sensor.accelerometer,19:16.4,-0.000100916,-0.000183706,0.000473184
446,1,android.sensor.accelerometer,19:16.5,1.8309021,-20.40346909,-51.9845047
447,1,android.sensor.accelerometer,19:16.5,0.678171098,0.67439723,9.775751114
448,1,android.sensor.accelerometer,19:16.5,0.000642234,0.000247359,0.000201639
449,1,android.sensor.accelerometer,19:16.6,2.519012451,-21.5854435,-51.74438095
450,1,android.sensor.accelerometer,19:16.6,0.675315678,0.667374074,9.770690918
451,1,android.sensor.accelerometer,19:16.6,0.000879829,1.87E-05,0.000429556
452,1,android.sensor.accelerometer,19:16.6,2.4634552,-20.42254639,-52.45658112
453,1,android.sensor.accelerometer,19:16.7,0.672628522,0.671484172,9.7628479
454,1,android.sensor.accelerometer,19:16.7,0.000251208,3.11E-06,0.000158404
455,1,android.sensor.accelerometer,19:16.7,2.065917969,-21.08436012,-53.89351654
456,1,android.sensor.accelerometer,19:16.8,0.683571935,0.679461658,9.770353317
457,1,android.sensor.accelerometer,19:16.8,0.000247065,0.00027949,0.000142163
458,1,android.sensor.accelerometer,19:16.8,0.000246834,-7.96E-06,0.000155432
459,1,android.sensor.accelerometer,19:16.8,0.6773929,0.669136643,9.781842232
460,1,android.sensor.accelerometer,19:16.8,2.417984009,-21.10698509,-51.76046753
461,1,android.sensor.accelerometer,19:16.8,2.008636475,-20.80727577,-52.16925812
462,1,android.sensor.accelerometer,19:16.8,0.673821747,0.675370455,9.765113831
463,1,android.sensor.accelerometer,19:16.8,-6.78E-05,0.000620587,-0.000771686
464,1,android.sensor.accelerometer,19:16.9,3.905548096,-20.98447037,-52.15079498
465,1,android.sensor.accelerometer,19:16.9,-9.24E-05,-0.000428682,-0.000175568
466,1,android.sensor.accelerometer,19:16.9,0.680280983,0.664701402,9.76775074
467,1,android.sensor.accelerometer,19:16.9,2.761001587,-20.9353981,-52.84766388
468,1,android.sensor.accelerometer,19:17.0,0.00024614,-0.00038558,0.000469407
469,1,android.sensor.accelerometer,19:17.0,0.676830113,0.677706718,9.775920868
470,1,android.sensor.accelerometer,19:17.0,3.118713379,-21.65899658,-52.2494278
471,1,android.sensor.accelerometer,19:17.1,0.000245909,0.00011828,-0.000468615
472,1,android.sensor.accelerometer,19:17.1,0.672028482,0.667012095,9.764897346
473,1,android.sensor.accelerometer,19:17.1,2.113204956,-20.73593903,-52.63604355
474,1,android.sensor.accelerometer,19:17.1,3.462814331,-19.92041397,-52.69334793
475,1,android.sensor.accelerometer,19:17.1,0.000169804,0.000299601,0.000469101
476,1,android.sensor.accelerometer,19:17.1,0.690007865,0.67783463,9.767156601
477,1,android.sensor.accelerometer,19:17.1,-0.000190949,0.000619184,0.000154514
478,1,android.sensor.accelerometer,19:17.1,0.687159181,0.678873956,9.76828289
479,1,android.sensor.accelerometer,19:17.2,0.685747445,0.677108288,9.763279915
480,1,android.sensor.accelerometer,19:17.2,0.000128615,-0.000329763,0.000463434
481,1,android.sensor.accelerometer,19:17.2,3.606384277,-21.05496788,-52.64816666
482,1,android.sensor.accelerometer,19:17.3,3.162567139,-20.22299576,-52.07714462
483,1,android.sensor.accelerometer,19:17.3,0.673626065,0.679783821,9.77645874
484,1,android.sensor.accelerometer,19:17.3,0.000280277,0.000304182,0.000154207
485,1,android.sensor.accelerometer,19:17.3,3.061264038,-20.13477707,-52.88724518
486,1,android.sensor.accelerometer,19:17.4,0.672224879,0.670636117,9.76878643
487,1,android.sensor.accelerometer,19:17.4,-6.97E-05,0.00082696,0.000154054
488,1,android.sensor.accelerometer,19:17.4,3.398925781,-20.39200974,-53.32692719
489,1,android.sensor.accelerometer,19:17.5,0.680836618,0.679506898,9.774114609
490,1,android.sensor.accelerometer,19:17.5,0.000244521,9.50E-05,-0.000176704
491,1,android.sensor.accelerometer,19:17.5,2.339050293,-20.39715958,-51.7959671
492,1,android.sensor.accelerometer,19:17.5,2.493301392,-20.63570404,-51.92757416
493,1,android.sensor.accelerometer,19:17.5,0.000341813,-0.00025247,0.000782587
494,1,android.sensor.accelerometer,19:17.5,0.671218932,0.671301544,9.766139984
495,1,android.sensor.accelerometer,19:17.5,0.67674619,0.680745721,9.773942947
496,1,android.sensor.accelerometer,19:17.5,-7.30E-05,0.00083436,0.000373124
497,1,android.sensor.accelerometer,19:17.6,0.670748174,0.67445159,9.775512695
498,1,android.sensor.accelerometer,19:17.6,-0.000194786,-0.000670305,0.000902836
499,1,android.sensor.accelerometer,19:17.6,2.458847046,-20.76583099,-52.96842575
500,1,android.sensor.accelerometer,19:17.7,3.546310425,-20.49633026,-52.33274841
501,1,android.sensor.accelerometer,19:17.7,0.677218258,0.666316032,9.764724731
502,1,android.sensor.accelerometer,19:17.7,0.000255749,-0.000905255,5.21E-05
503,1,android.sensor.accelerometer,19:17.8,3.187042236,-20.92654419,-52.80658722
504,1,android.sensor.accelerometer,19:17.8,0.681678116,0.676046968,9.777061462
505,1,android.sensor.accelerometer,19:17.8,-0.000192011,-0.000675282,-0.000576997
506,1,android.sensor.accelerometer,19:17.8,2.543273926,-20.7923317,-51.94645691
507,1,android.sensor.accelerometer,19:17.9,0.674446225,0.6804232,9.785305023
508,1,android.sensor.accelerometer,19:17.9,-0.000213828,-0.000469802,5.16E-05
509,1,android.sensor.accelerometer,19:17.9,3.282043457,-21.13372421,-52.63083649
510,1,android.sensor.accelerometer,19:17.9,0.691945016,0.674743891,9.758317947
511,1,android.sensor.accelerometer,19:17.9,0.000658189,-0.00015849,-0.000894561
512,1,android.sensor.accelerometer,19:17.9,-0.0002907,-8.33E-05,5.11E-05
513,1,android.sensor.accelerometer,19:17.9,0.666714787,0.671622515,9.776382446
514,1,android.sensor.accelerometer,19:18.0,2.854751587,-19.50569916,-51.0612793
515,1,android.sensor.accelerometer,19:18.0,3.954330444,-20.61224365,-52.46813965
516,1,android.sensor.accelerometer,19:18.0,0.67943871,0.677003145,9.77884388
517,1,android.sensor.accelerometer,19:18.0,-0.000564855,-0.000899399,0.000365219
518,1,android.sensor.accelerometer,19:18.1,1.838653564,-21.0703907,-51.42512512
519,1,android.sensor.accelerometer,19:18.1,0.676961541,0.671808958,9.763879776
520,1,android.sensor.accelerometer,19:18.1,0.000459349,2.68E-05,-0.00070859
521,1,android.sensor.accelerometer,19:18.2,3.037231445,-20.92993164,-52.97092056
522,1,android.sensor.accelerometer,19:18.2,0.683173776,0.672853708,9.772241592
523,1,android.sensor.accelerometer,19:18.2,0.000144531,0.000224734,-0.000133872
524,1,android.sensor.accelerometer,19:18.2,1.839111328,-20.80663109,-53.11856461
525,1,android.sensor.accelerometer,19:18.3,0.691832483,0.663257957,9.788249969
526,1,android.sensor.accelerometer,19:18.3,0.001441832,-0.000727306,0.000364435
527,1,android.sensor.accelerometer,19:18.3,2.212814331,-21.39004326,-53.31690216
528,1,android.sensor.accelerometer,19:18.3,0.674741149,0.682950854,9.751806259
529,1,android.sensor.accelerometer,19:18.3,-0.003557653,0.001201723,6.89E-05
530,1,android.sensor.accelerometer,19:18.3,0.682742,0.668897808,9.76534462
531,1,android.sensor.accelerometer,19:18.3,0.000836652,1.40E-05,0.000678335
532,1,android.sensor.accelerometer,19:18.4,2.463668823,-20.90304947,-53.66127014
533,1,android.sensor.accelerometer,19:18.4,2.943893433,-20.02556229,-52.50308228
534,1,android.sensor.accelerometer,19:18.4,0.681445777,0.66904664,9.784809113
535,1,android.sensor.accelerometer,19:18.4,0.002194233,-0.000544915,7.93E-05
536,1,android.sensor.accelerometer,19:18.5,2.9871521,-19.84126663,-53.44438171
537,1,android.sensor.accelerometer,19:18.5,0.67515409,0.671596944,9.76540947
538,1,android.sensor.accelerometer,19:18.5,-0.000638332,-0.001225518,0.000799795
539,1,android.sensor.accelerometer,19:18.5,2.487762451,-20.08298874,-52.05469513
540,1,android.sensor.accelerometer,19:18.6,0.001197029,-0.000597136,0.000525553
541,1,android.sensor.accelerometer,19:18.6,0.684503853,0.670660436,9.772828102
542,1,android.sensor.accelerometer,19:18.6,3.430786133,-19.88923645,-52.7710762
543,1,android.sensor.accelerometer,19:18.7,0.673939347,0.674426675,9.765445709
544,1,android.sensor.accelerometer,19:18.7,0.000811801,-0.000241611,0.000322827
545,1,android.sensor.accelerometer,19:18.7,3.042175293,-20.88173294,-52.59594727
546,1,android.sensor.accelerometer,19:18.7,0.67770046,0.674853086,9.769289017
547,1,android.sensor.accelerometer,19:18.7,2.252441406,-20.2824707,-51.6414299
548,1,android.sensor.accelerometer,19:18.7,-0.001076438,-0.001198261,-6.18E-05
549,1,android.sensor.accelerometer,19:18.7,0.000140234,-0.000569653,0.000200462
550,1,android.sensor.accelerometer,19:18.7,0.681671202,0.663925409,9.776124001
551,1,android.sensor.accelerometer,19:18.8,0.684286535,0.67043823,9.769054413
552,1,android.sensor.accelerometer,19:18.8,-0.000477851,-0.000518265,-0.000317381
553,1,android.sensor.accelerometer,19:18.8,3.030807495,-20.00865936,-51.86953735
554,1,android.sensor.accelerometer,19:18.9,2.291152954,-20.78426933,-51.87031555
555,1,android.sensor.accelerometer,19:18.9,0.678550661,0.673433959,9.758260727
556,1,android.sensor.accelerometer,19:18.9,0.001833942,0.000809524,-0.000214225
557,1,android.sensor.accelerometer,19:18.9,1.540481567,-19.96437454,-50.69145966
558,1,android.sensor.accelerometer,19:19.0,0.000280429,-0.000429593,0.000362865
559,1,android.sensor.accelerometer,19:19.0,0.68904537,0.672832727,9.762517929
560,1,android.sensor.accelerometer,19:19.0,2.940567017,-19.45649719,-52.63636017
561,1,android.sensor.accelerometer,19:19.1,0.677522063,0.67402786,9.762703896
562,1,android.sensor.accelerometer,19:19.1,0.000201769,-0.000153213,-0.000287905
563,1,android.sensor.accelerometer,19:19.1,1.854598999,-21.1706295,-51.83724213
564,1,android.sensor.accelerometer,19:19.1,3.09147644,-21.93373489,-52.47206116
565,1,android.sensor.accelerometer,19:19.1,7.68E-05,-0.000134572,0.000178274
566,1,android.sensor.accelerometer,19:19.1,0.678035676,0.665837228,9.761623383
567,1,android.sensor.accelerometer,19:19.1,0.67379564,0.666242361,9.767585754
568,1,android.sensor.accelerometer,19:19.1,-0.000167278,-0.000126627,-8.21E-05
569,1,android.sensor.accelerometer,19:19.2,0.666622281,0.675359368,9.759656906
570,1,android.sensor.accelerometer,19:19.2,0.000162982,-0.000216378,-0.000307229
571,1,android.sensor.accelerometer,19:19.2,3.469436646,-20.83705902,-51.32899475
572,1,android.sensor.accelerometer,19:19.3,2.382568359,-20.4222908,-51.83590317
573,1,android.sensor.accelerometer,19:19.3,-0.000175907,-0.000376719,4.77E-05
574,1,android.sensor.accelerometer,19:19.3,0.684167504,0.668019056,9.774136543
575,1,android.sensor.accelerometer,19:19.4,2.612426758,-20.46655273,-52.68288422
576,1,android.sensor.accelerometer,19:19.4,0.682445645,0.672277927,9.765637398
577,1,android.sensor.accelerometer,19:19.4,0.000138326,-0.000452551,4.76E-05
578,1,android.sensor.accelerometer,19:19.4,2.114013672,-20.71669388,-53.67734528
579,1,android.sensor.accelerometer,19:19.5,0.673698962,0.672762036,9.775325775
580,1,android.sensor.accelerometer,19:19.5,-9.25E-05,0.00017857,0.000400035
581,1,android.sensor.accelerometer,19:19.5,2.304214478,-20.73785019,-52.23046875
582,1,android.sensor.accelerometer,19:19.5,0.678446591,0.672238231,9.771429062
583,1,android.sensor.accelerometer,19:19.5,0.000162808,0.000178309,4.73E-05
584,1,android.sensor.accelerometer,19:19.5,-0.000285438,-0.000136387,-0.000280543
585,1,android.sensor.accelerometer,19:19.5,0.674872041,0.682193995,9.763585091
586,1,android.sensor.accelerometer,19:19.6,2.863143921,-20.98753929,-52.21747971
587,1,android.sensor.accelerometer,19:19.6,0.000140155,-0.000160744,0.000115973
588,1,android.sensor.accelerometer,19:19.6,2.313369751,-21.39236259,-50.83170319
589,1,android.sensor.accelerometer,19:19.6,0.676082015,0.674773932,9.771065712
590,1,android.sensor.accelerometer,19:19.7,3.093505859,-20.83702469,-52.92192078
591,1,android.sensor.accelerometer,19:19.7,-0.00017431,-0.000664355,-0.000143709
592,1,android.sensor.accelerometer,19:19.7,0.674403012,0.675829649,9.761203766
593,1,android.sensor.accelerometer,19:19.8,3.188842773,-20.89799118,-51.92320251
594,1,android.sensor.accelerometer,19:19.8,0.674136519,0.679192185,9.768351555
595,1,android.sensor.accelerometer,19:19.8,-0.000512823,-0.000884256,0.000122611
596,1,android.sensor.accelerometer,19:19.8,3.269805908,-20.12051773,-51.96513367
597,1,android.sensor.accelerometer,19:19.9,0.679166973,0.677051663,9.770647049
598,1,android.sensor.accelerometer,19:19.9,0.000140068,-0.00130408,-0.000386036
599,1,android.sensor.accelerometer,19:19.9,2.335266113,-20.4709816,-51.89111328
600,1,android.sensor.accelerometer,19:19.9,-8.73E-05,-0.000866098,0.000152441
601,1,android.sensor.accelerometer,19:19.9,0.682171285,0.677110553,9.762799263
602,1,android.sensor.accelerometer,19:19.9,0.684867322,0.670198798,9.761539459
603,1,android.sensor.accelerometer,19:19.9,-0.000575964,0.000495328,0.00071241
604,1,android.sensor.accelerometer,19:20.0,2.698883057,-20.86548042,-51.70540237
605,1,android.sensor.accelerometer,19:20.0,2.715072632,-20.18173981,-52.12358093
606,1,android.sensor.accelerometer,19:20.0,0.667803407,0.67391628,9.762541771
607,1,android.sensor.accelerometer,19:20.0,-0.000296428,-0.000453786,5.45E-05
608,1,android.sensor.accelerometer,19:20.1,0.67501986,0.67182374,9.763260841
609,1,android.sensor.accelerometer,19:20.1,0.000256137,0.00018083,4.87E-05
610,1,android.sensor.accelerometer,19:20.1,2.210510254,-20.1305542,-54.52075958
611,1,android.sensor.accelerometer,19:20.1,2.970901489,-20.60644913,-52.90717316
612,1,android.sensor.accelerometer,19:20.2,0.682048261,0.67343998,9.77560997
613,1,android.sensor.accelerometer,19:20.2,0.000454351,-0.000493783,5.37E-05
614,1,android.sensor.accelerometer,19:20.2,3.26789856,-20.98720169,-52.04829407
615,1,android.sensor.accelerometer,19:20.3,0.678263009,0.677366495,9.769472122
616,1,android.sensor.accelerometer,19:20.3,1.28E-05,-0.000570078,4.36E-05
617,1,android.sensor.accelerometer,19:20.3,2.368270874,-20.30300903,-51.81128693
618,1,android.sensor.accelerometer,19:20.3,0.679669321,0.673392057,9.769803047
619,1,android.sensor.accelerometer,19:20.3,-0.000129447,-0.000324061,0.000380102
620,1,android.sensor.accelerometer,19:20.3,2.823608398,-19.35054016,-52.25704575
621,1,android.sensor.accelerometer,19:20.4,0.677960813,0.670336902,9.773071289
622,1,android.sensor.accelerometer,19:20.4,0.000165671,-0.000193299,-0.000395491
623,1,android.sensor.accelerometer,19:20.4,0.676318109,0.670248687,9.772253036
624,1,android.sensor.accelerometer,19:20.4,-0.001102586,0.000193597,2.39E-07
625,1,android.sensor.accelerometer,19:20.4,2.772903442,-20.91734695,-52.04489899
626,1,android.sensor.accelerometer,19:20.5,3.683441162,-20.35784912,-51.50735855
627,1,android.sensor.accelerometer,19:20.5,0.000123247,0.000232169,2.20E-07
628,1,android.sensor.accelerometer,19:20.5,0.680235982,0.67661643,9.764350891
629,1,android.sensor.accelerometer,19:20.5,2.847473145,-20.57815933,-51.89768219
630,1,android.sensor.accelerometer,19:20.6,0.681602299,0.667996049,9.766987801
631,1,android.sensor.accelerometer,19:20.6,0.000437642,0.000109219,0.00065585
632,1,android.sensor.accelerometer,19:20.6,3.047393799,-20.65530396,-51.14063644
633,1,android.sensor.accelerometer,19:20.7,0.000122564,2.80E-05,-2.33E-07
634,1,android.sensor.accelerometer,19:20.7,0.672867417,0.68206048,9.769306183
635,1,android.sensor.accelerometer,19:20.7,2.404922485,-20.13690948,-51.7685051
636,1,android.sensor.accelerometer,19:20.7,0.679268658,0.677748203,9.771180153
637,1,android.sensor.accelerometer,19:20.7,3.119049072,-20.47277451,-51.7507019
638,1,android.sensor.accelerometer,19:20.7,0.000391824,-0.000528637,4.30E-05
639,1,android.sensor.accelerometer,19:20.8,0.677347481,0.670932233,9.780197144
640,1,android.sensor.accelerometer,19:20.8,0.000126886,-0.000260995,-4.44E-05
641,1,android.sensor.accelerometer,19:20.8,-0.00015595,1.86E-05,-7.94E-07
642,1,android.sensor.accelerometer,19:20.8,0.675196469,0.676524341,9.763216019
643,1,android.sensor.accelerometer,19:20.8,2.735671997,-20.33265686,-52.59059143
644,1,android.sensor.accelerometer,19:20.9,2.56300354,-19.83151627,-53.80398941
645,1,android.sensor.accelerometer,19:20.9,0.000749519,-0.000572745,-8.77E-07
646,1,android.sensor.accelerometer,19:20.9,0.668004572,0.670248449,9.774717331
647,1,android.sensor.accelerometer,19:21.0,2.476699829,-19.85883331,-52.04104614
648,1,android.sensor.accelerometer,19:21.0,0.678445518,0.663297594,9.766414642
649,1,android.sensor.accelerometer,19:21.0,-0.000129492,8.87E-05,-9.60E-07
650,1,android.sensor.accelerometer,19:21.0,3.183380127,-20.50211334,-51.74020767
651,1,android.sensor.accelerometer,19:21.1,0.001137109,5.58E-05,-1.04E-06
652,1,android.sensor.accelerometer,19:21.1,0.675113142,0.672683418,9.774727821
653,1,android.sensor.accelerometer,19:21.1,2.102081299,-20.43806076,-51.51318741
654,1,android.sensor.accelerometer,19:21.1,0.680611432,0.67046535,9.771731377
655,1,android.sensor.accelerometer,19:21.1,0.000264136,3.38E-05,2.07E-05
656,1,android.sensor.accelerometer,19:21.2,2.451080322,-21.03988647,-52.56993103
657,1,android.sensor.accelerometer,19:21.2,0.674735427,0.66939795,9.779539108
658,1,android.sensor.accelerometer,19:21.2,-0.000194251,-0.000237103,-2.30E-05
659,1,android.sensor.accelerometer,19:21.2,1.853942871,-20.93695641,-51.42939758
660,1,android.sensor.accelerometer,19:21.2,0.678737342,0.676123321,9.772837639
661,1,android.sensor.accelerometer,19:21.2,0.000615965,0.000369744,-0.000315712
662,1,android.sensor.accelerometer,19:21.3,2.968383789,-20.52920532,-53.57318115
663,1,android.sensor.accelerometer,19:21.3,0.67244333,0.66567862,9.777524948
664,1,android.sensor.accelerometer,19:21.3,0.000241922,0.000347762,-0.000304881
665,1,android.sensor.accelerometer,19:21.4,2.188323975,-21.23134804,-52.67386246
666,1,android.sensor.accelerometer,19:21.4,0.685482204,0.680688322,9.758003235
667,1,android.sensor.accelerometer,19:21.4,6.03E-05,0.000177021,0.000331801
668,1,android.sensor.accelerometer,19:21.4,2.871368408,-20.27648926,-51.99871445
669,1,android.sensor.accelerometer,19:21.5,0.671377957,0.675572634,9.768062592
670,1,android.sensor.accelerometer,19:21.5,-0.000316735,0.000176862,0.0005053
671,1,android.sensor.accelerometer,19:21.5,2.750030518,-20.30873489,-51.58574295
672,1,android.sensor.accelerometer,19:21.5,0.678202093,0.668177366,9.762418747
673,1,android.sensor.accelerometer,19:21.5,0.000311947,0.000491133,0.000120414
674,1,android.sensor.accelerometer,19:21.6,2.330795288,-20.1656456,-52.20166779
675,1,android.sensor.accelerometer,19:21.6,1.559967041,-18.63916397,-53.49421692
676,1,android.sensor.accelerometer,19:21.6,-0.000276124,9.55E-05,0.000627338
677,1,android.sensor.accelerometer,19:21.6,0.665521562,0.663333774,9.769989967
678,1,android.sensor.accelerometer,19:21.6,0.669170022,0.673144341,9.774246216
679,1,android.sensor.accelerometer,19:21.6,9.04E-05,0.000573575,0.00020218
680,1,android.sensor.accelerometer,19:21.7,0.676668763,0.669899702,9.767133713
681,1,android.sensor.accelerometer,19:21.7,0.000231832,-0.000147174,0.001064288
682,1,android.sensor.accelerometer,19:21.7,2.93421936,-19.91073608,-50.95010376
683,1,android.sensor.accelerometer,19:21.7,2.545181274,-20.01491547,-51.75096893
684,1,android.sensor.accelerometer,19:21.8,0.675754666,0.675845385,9.764897346
685,1,android.sensor.accelerometer,19:21.8,0.0002124,-0.000196635,0.000313441
686,1,android.sensor.accelerometer,19:21.8,2.991378784,-19.24223709,-50.84063721
687,1,android.sensor.accelerometer,19:21.9,0.000222054,-0.000365314,9.06E-05
688,1,android.sensor.accelerometer,19:21.9,0.680490434,0.677232444,9.774582863
689,1,android.sensor.accelerometer,19:21.9,3.08656311,-21.31944084,-51.04689026
690,1,android.sensor.accelerometer,19:21.9,0.672461927,0.675150156,9.760526657
691,1,android.sensor.accelerometer,19:21.9,-0.00031495,4.10E-05,0.000313128
692,1,android.sensor.accelerometer,19:21.9,2.829956055,-21.02093887,-52.16531372
693,1,android.sensor.accelerometer,19:22.0,0.67775023,0.668930709,9.769021034
694,1,android.sensor.accelerometer,19:22.0,-0.00033428,0.000355394,0.00029381
695,1,android.sensor.accelerometer,19:22.0,-5.85E-07,0.000265487,8.85E-05
696,1,android.sensor.accelerometer,19:22.0,0.678977847,0.670459211,9.770524025
697,1,android.sensor.accelerometer,19:22.0,2.313369751,-19.4029007,-51.8783989
698,1,android.sensor.accelerometer,19:22.1,1.769134521,-20.69440651,-51.77449799
699,1,android.sensor.accelerometer,19:22.1,0.685089231,0.671613216,9.768536568
700,1,android.sensor.accelerometer,19:22.1,-6.23E-07,-0.000183727,-9.12E-05
701,1,android.sensor.accelerometer,19:22.1,2.732818604,-19.83538437,-52.15614319
702,1,android.sensor.accelerometer,19:22.2,-0.000751483,0.000913568,-0.000123354
703,1,android.sensor.accelerometer,19:22.2,0.666574776,0.666635156,9.765077591
704,1,android.sensor.accelerometer,19:22.2,3.042190552,-20.05929947,-53.49172974
705,1,android.sensor.accelerometer,19:22.2,0.668480575,0.669386387,9.761310577
706,1,android.sensor.accelerometer,19:22.2,-0.000280905,0.000678212,-0.000123379
707,1,android.sensor.accelerometer,19:22.3,2.827331543,-20.77775383,-51.83774567
708,1,android.sensor.accelerometer,19:22.3,2.130126953,-21.49707222,-53.09918213
709,1,android.sensor.accelerometer,19:22.3,0.676511586,0.674361408,9.778152466
710,1,android.sensor.accelerometer,19:22.3,7.84E-05,0.000124164,-0.000121246
711,1,android.sensor.accelerometer,19:22.4,0.680656254,0.668497562,9.773336411
712,1,android.sensor.accelerometer,19:22.4,0.000818453,0.000791489,0.000503295
713,1,android.sensor.accelerometer,19:22.4,-0.00025951,0.000162564,-0.000123456
714,1,android.sensor.accelerometer,19:22.4,0.675254405,0.673867583,9.765810013
715,1,android.sensor.accelerometer,19:22.4,3.262054443,-21.67666054,-53.13194656
716,1,android.sensor.accelerometer,19:22.5,3.69871521,-20.66294289,-51.9639473
717,1,android.sensor.accelerometer,19:22.5,5.45E-05,0.000491593,-0.000123481
718,1,android.sensor.accelerometer,19:22.5,0.676021874,0.672765851,9.772193909
719,1,android.sensor.accelerometer,19:22.6,-0.000751749,2.74E-05,-0.000123507
720,1,android.sensor.accelerometer,19:22.6,0.673039019,0.667273462,9.772042274
721,1,android.sensor.accelerometer,19:22.6,3.175933838,-21.36623192,-52.50233459
722,1,android.sensor.accelerometer,19:22.6,2.227462769,-20.36250687,-51.48967743
723,1,android.sensor.accelerometer,19:22.7,-0.000185352,-2.31E-05,-0.000755706
724,1,android.sensor.accelerometer,19:22.7,0.678851664,0.672551394,9.770214081
725,1,android.sensor.accelerometer,19:22.7,2.539413452,-20.80893898,-52.06010437
726,1,android.sensor.accelerometer,19:22.7,0.678187668,0.675583601,9.780471802
727,1,android.sensor.accelerometer,19:22.7,0.000328945,0.000463474,-0.000124454
728,1,android.sensor.accelerometer,19:22.8,1.963760376,-20.00042343,-53.92080688
729,1,android.sensor.accelerometer,19:22.8,0.000594572,1.88E-05,-0.000439308
730,1,android.sensor.accelerometer,19:22.8,0.678965688,0.673625588,9.779067993
731,1,android.sensor.accelerometer,19:22.8,0.679912388,0.670577049,9.769739151
732,1,android.sensor.accelerometer,19:22.8,-0.000278999,-0.000318687,-7.91E-05
733,1,android.sensor.accelerometer,19:22.8,2.825927734,-21.16204834,-51.17658997
734,1,android.sensor.accelerometer,19:22.9,2.35534668,-21.11763763,-51.31537247
735,1,android.sensor.accelerometer,19:22.9,-9.29E-05,0.000477613,-0.000486475
736,1,android.sensor.accelerometer,19:22.9,0.676709056,0.675361276,9.766263008
737,1,android.sensor.accelerometer,19:23.0,2.185073853,-20.88968849,-52.93126678
738,1,android.sensor.accelerometer,19:23.0,0.000180246,5.28E-06,3.08E-05
739,1,android.sensor.accelerometer,19:23.0,0.67818445,0.673660994,9.76159668
740,1,android.sensor.accelerometer,19:23.0,3.518600464,-21.45321655,-52.0909729
741,1,android.sensor.accelerometer,19:23.1,-0.000170249,3.96E-05,-0.000283757
742,1,android.sensor.accelerometer,19:23.1,0.682245851,0.678038001,9.77154541
743,1,android.sensor.accelerometer,19:23.1,2.755004883,-21.36455154,-52.50557327
744,1,android.sensor.accelerometer,19:23.1,0.675006926,0.673765898,9.779733658
745,1,android.sensor.accelerometer,19:23.1,0.000306135,0.000120037,-0.000476955
746,1,android.sensor.accelerometer,19:23.2,1.916915894,-19.90164948,-52.11505127
747,1,android.sensor.accelerometer,19:23.2,0.679309309,0.675750017,9.772605896
748,1,android.sensor.accelerometer,19:23.2,2.188842773,-20.46674728,-53.21159363
749,1,android.sensor.accelerometer,19:23.2,-0.000328668,0.000306402,0.000501282
750,1,android.sensor.accelerometer,19:23.2,0.001218246,-0.000277366,-0.000732322
751,1,android.sensor.accelerometer,19:23.2,0.683981538,0.676710129,9.791702271
752,1,android.sensor.accelerometer,19:23.3,0.676539719,0.671427369,9.784188271
753,1,android.sensor.accelerometer,19:23.3,1.75E-05,0.000391323,0.000113122
754,1,android.sensor.accelerometer,19:23.3,3.086349487,-21.60940742,-53.71923828
755,1,android.sensor.accelerometer,19:23.3,1.978378296,-20.92821121,-52.66064835
756,1,android.sensor.accelerometer,19:23.4,-1.63E-05,0.000214122,-0.000565322
757,1,android.sensor.accelerometer,19:23.4,0.679775417,0.668998122,9.779573441
758,1,android.sensor.accelerometer,19:23.4,2.000152588,-20.09150696,-52.58313751
759,1,android.sensor.accelerometer,19:23.4,0.684678197,0.677592218,9.77203846
760,1,android.sensor.accelerometer,19:23.4,-0.000339025,-4.87E-05,-0.000156507
761,1,android.sensor.accelerometer,19:23.5,3.08921814,-21.37732506,-51.61165237
762,1,android.sensor.accelerometer,19:23.5,4.24E-05,0.000264916,0.000239251
763,1,android.sensor.accelerometer,19:23.5,0.677997172,0.673612356,9.773628235
764,1,android.sensor.accelerometer,19:23.5,3.26612854,-20.32843781,-50.10326385
765,1,android.sensor.accelerometer,19:23.6,0.677027881,0.675368249,9.768529892
766,1,android.sensor.accelerometer,19:23.6,-0.000407136,-4.93E-05,-0.00026789
767,1,android.sensor.accelerometer,19:23.6,-0.000647651,0.000898318,-0.000644865
768,1,android.sensor.accelerometer,19:23.6,0.679005802,0.674971104,9.774492264
769,1,android.sensor.accelerometer,19:23.6,1.631454468,-20.77092361,-52.6827774
770,1,android.sensor.accelerometer,19:23.7,0.681379437,0.668494582,9.785899162
771,1,android.sensor.accelerometer,19:23.7,-0.000294168,0.000607277,-2.03E-05
772,1,android.sensor.accelerometer,19:23.7,1.900772095,-20.42591095,-52.19316864
773,1,android.sensor.accelerometer,19:23.7,1.901199341,-20.49742508,-51.90880585
774,1,android.sensor.accelerometer,19:23.8,0.000215057,8.91E-05,-1.77E-05
775,1,android.sensor.accelerometer,19:23.8,0.674996674,0.666297317,9.777906418
776,1,android.sensor.accelerometer,19:23.8,2.486633301,-20.08098221,-50.88825226
777,1,android.sensor.accelerometer,19:23.8,0.671525121,0.673078716,9.786133766
778,1,android.sensor.accelerometer,19:23.8,-0.000649913,0.000175519,-1.79E-05
779,1,android.sensor.accelerometer,19:23.9,2.333724976,-21.30869865,-51.20065308
780,1,android.sensor.accelerometer,19:23.9,-2.14E-05,0.000635771,-0.000365023
781,1,android.sensor.accelerometer,19:23.9,0.670521677,0.680100858,9.780599594
782,1,android.sensor.accelerometer,19:23.9,2.435043335,-21.35677719,-50.83571625
783,1,android.sensor.accelerometer,19:24.0,0.676885724,0.660184324,9.771800995
784,1,android.sensor.accelerometer,19:24.0,-2.17E-05,0.000500029,-0.00033282
785,1,android.sensor.accelerometer,19:24.0,-4.11E-05,0.000372004,-0.000333037
786,1,android.sensor.accelerometer,19:24.0,0.674494803,0.666268528,9.77995491
787,1,android.sensor.accelerometer,19:24.0,1.78175354,-20.29938126,-52.46264648
788,1,android.sensor.accelerometer,19:24.1,1.890701294,-20.37338638,-51.33454132
789,1,android.sensor.accelerometer,19:24.1,-0.000672906,-0.000777563,-0.000669324
790,1,android.sensor.accelerometer,19:24.1,0.682001412,0.669511914,9.78162384
791,1,android.sensor.accelerometer,19:24.2,0.67281872,0.666767359,9.775676727
792,1,android.sensor.accelerometer,19:24.2,-2.27E-05,-0.000241277,0.000609855
793,1,android.sensor.accelerometer,19:24.2,2.35043335,-20.01370621,-53.12657547
794,1,android.sensor.accelerometer,19:24.2,2.6015625,-20.92627335,-51.86529541
795,1,android.sensor.accelerometer,19:24.2,0.000321135,0.000286894,-0.00036343
796,1,android.sensor.accelerometer,19:24.2,0.678054154,0.678720117,9.787071228
797,1,android.sensor.accelerometer,19:24.3,2.732284546,-21.63223076,-51.18137741
798,1,android.sensor.accelerometer,19:24.3,0.668035328,0.672511578,9.776700974
799,1,android.sensor.accelerometer,19:24.3,0.000605506,-3.89E-05,-1.95E-05
800,1,android.sensor.accelerometer,19:24.4,1.843139648,-20.44862366,-52.9280014
801,1,android.sensor.accelerometer,19:24.4,0.673885286,0.677959681,9.783062935
802,1,android.sensor.accelerometer,19:24.4,0.000290738,-2.84E-05,-1.97E-05
803,1,android.sensor.accelerometer,19:24.4,-0.000378938,-6.92E-05,-0.000374803
804,1,android.sensor.accelerometer,19:24.4,0.681427836,0.672935843,9.774555206
805,1,android.sensor.accelerometer,19:24.4,2.234588623,-20.15308762,-51.74112701
806,1,android.sensor.accelerometer,19:24.5,4.121032715,-21.21990395,-52.70970917
807,1,android.sensor.accelerometer,19:24.5,9.74E-05,0.000477981,-2.01E-05
808,1,android.sensor.accelerometer,19:24.5,0.674541891,0.671140194,9.78292942
809,1,android.sensor.accelerometer,19:24.6,0.68203932,0.672224283,9.783906937
810,1,android.sensor.accelerometer,19:24.6,9.72E-05,-0.000151494,-0.000264005
811,1,android.sensor.accelerometer,19:24.6,3.265594482,-21.26168442,-51.27297974
812,1,android.sensor.accelerometer,19:24.6,2.654769897,-20.53150558,-52.06319809
813,1,android.sensor.accelerometer,19:24.6,0.67367202,0.669712782,9.770996094
814,1,android.sensor.accelerometer,19:24.6,3.59E-05,0.000214492,0.000234062
815,1,android.sensor.accelerometer,19:24.7,2.459976196,-18.77814102,-50.8028183
816,1,android.sensor.accelerometer,19:24.7,0.67052871,0.663662374,9.773073196
817,1,android.sensor.accelerometer,19:24.7,-0.000460099,-0.000335489,0.000162506
818,1,android.sensor.accelerometer,19:24.8,2.793746948,-20.02272034,-52.03930664
819,1,android.sensor.accelerometer,19:24.8,-0.000460359,0.000293082,-0.000516119
820,1,android.sensor.accelerometer,19:24.8,0.676924825,0.669440269,9.778701782
821,1,android.sensor.accelerometer,19:24.8,2.516677856,-20.42698669,-52.16595459
822,1,android.sensor.accelerometer,19:24.9,0.675838351,0.669246912,9.781253815
823,1,android.sensor.accelerometer,19:24.9,-8.43E-05,0.000962295,-1.98E-05
824,1,android.sensor.accelerometer,19:24.9,-2.45E-05,0.000292442,-0.000334459
825,1,android.sensor.accelerometer,19:24.9,0.681226552,0.683012664,9.766429901
826,1,android.sensor.accelerometer,19:24.9,2.689086914,-21.28194046,-51.65486145
827,1,android.sensor.accelerometer,19:24.9,2.843399048,-20.05957794,-52.437603
828,1,android.sensor.accelerometer,19:25.0,0.677217782,0.674354315,9.788526535
829,1,android.sensor.accelerometer,19:25.0,0.000358415,9.28E-05,-0.000493803
830,1,android.sensor.accelerometer,19:25.0,1.963607788,-21.18903542,-51.46038437
831,1,android.sensor.accelerometer,19:25.0,0.679661632,0.670765042,9.769605637
832,1,android.sensor.accelerometer,19:25.0,0.000110401,6.05E-05,0.000134886
833,1,android.sensor.accelerometer,19:25.1,3.295516968,-20.87083054,-52.72093964
834,1,android.sensor.accelerometer,19:25.1,-0.000189654,-0.000350775,0.000288668
835,1,android.sensor.accelerometer,19:25.1,0.677077591,0.677836359,9.773578644
836,1,android.sensor.accelerometer,19:25.1,3.280197144,-21.09123802,-51.48198318
837,1,android.sensor.accelerometer,19:25.2,0.677293658,0.681727052,9.781441689
838,1,android.sensor.accelerometer,19:25.2,-0.000221896,0.000290813,0.000570944
839,1,android.sensor.accelerometer,19:25.2,2.324264526,-20.01586151,-51.90579987
840,1,android.sensor.accelerometer,19:25.3,0.67414695,0.676576078,9.781961441
841,1,android.sensor.accelerometer,19:25.3,0.000723288,-0.000267879,0.000489458
842,1,android.sensor.accelerometer,19:25.3,0.000720876,-0.000180433,0.000448628
843,1,android.sensor.accelerometer,19:25.3,0.683579087,0.666063786,9.780779839
844,1,android.sensor.accelerometer,19:25.3,2.443695068,-20.84260178,-53.13959503
845,1,android.sensor.accelerometer,19:25.3,3.04347229,-20.45867538,-52.41747284
846,1,android.sensor.accelerometer,19:25.4,9.18E-05,0.00037762,-0.000467154
847,1,android.sensor.accelerometer,19:25.4,0.671118557,0.671656549,9.77636528
848,1,android.sensor.accelerometer,19:25.4,3.628112793,-21.49747658,-52.5557785
849,1,android.sensor.accelerometer,19:25.4,-0.000235912,-0.000865692,0.000119171
850,1,android.sensor.accelerometer,19:25.4,0.673876107,0.663588762,9.770181656
851,1,android.sensor.accelerometer,19:25.5,2.911132813,-20.93958855,-52.34727478
852,1,android.sensor.accelerometer,19:25.5,9.12E-05,-0.000399876,0.000133681
853,1,android.sensor.accelerometer,19:25.5,0.678123593,0.676054001,9.773029327
854,1,android.sensor.accelerometer,19:25.5,3.300765991,-20.57759476,-53.67623138
855,1,android.sensor.accelerometer,19:25.6,0.680771232,0.681461453,9.771560669
856,1,android.sensor.accelerometer,19:25.6,0.000703127,-0.000975352,0.000431255
857,1,android.sensor.accelerometer,19:25.6,3.182418823,-21.03472328,-51.71204376
858,1,android.sensor.accelerometer,19:25.7,3.315963745,-21.51124954,-52.61578369
859,1,android.sensor.accelerometer,19:25.7,0.674072564,0.671866894,9.777317047
860,1,android.sensor.accelerometer,19:25.7,-0.000223825,-0.000258299,-0.000181158
861,1,android.sensor.accelerometer,19:25.7,8.59E-05,-0.000516702,-0.000185736
862,1,android.sensor.accelerometer,19:25.7,0.681224644,0.673734128,9.78282547
863,1,android.sensor.accelerometer,19:25.8,8.55E-05,-0.000202794,0.000128403
864,1,android.sensor.accelerometer,19:25.8,0.67903626,0.671505392,9.779438019
865,1,android.sensor.accelerometer,19:25.8,3.019683838,-20.01329422,-51.88336945
866,1,android.sensor.accelerometer,19:25.8,1.890014648,-21.57628632,-51.82807922
867,1,android.sensor.accelerometer,19:25.8,5.56E-05,0.000431134,0.001461509
868,1,android.sensor.accelerometer,19:25.8,0.680977702,0.670447469,9.779701233
869,1,android.sensor.accelerometer,19:25.9,2.913253784,-20.08229446,-52.8385582
870,1,android.sensor.accelerometer,19:25.9,8.47E-05,-0.00071599,-0.000384334
871,1,android.sensor.accelerometer,19:25.9,0.666613221,0.671713471,9.769288063
872,1,android.sensor.accelerometer,19:26.0,2.681793213,-18.99668503,-51.87830353
873,1,android.sensor.accelerometer,19:26.0,0.68102175,0.680259407,9.772827148
874,1,android.sensor.accelerometer,19:26.0,-0.000235563,0.000307912,-0.000937665
875,1,android.sensor.accelerometer,19:26.0,2.325637817,-19.91042709,-51.59398651
876,1,android.sensor.accelerometer,19:26.1,1.820419312,-19.79982376,-51.37662506
877,1,android.sensor.accelerometer,19:26.1,0.675374866,0.67615813,9.77222538
878,1,android.sensor.accelerometer,19:26.1,-8.97E-05,-0.000554428,0.00012733
879,1,android.sensor.accelerometer,19:26.1,-0.000477253,0.000317987,-0.000187342
880,1,android.sensor.accelerometer,19:26.1,0.676544845,0.67427218,9.789216995
881,1,android.sensor.accelerometer,19:26.2,0.683956563,0.670921326,9.769161224
882,1,android.sensor.accelerometer,19:26.2,0.000188612,-0.000729043,0.000755602
883,1,android.sensor.accelerometer,19:26.2,3.171325684,-20.8554821,-51.18758774
884,1,android.sensor.accelerometer,19:26.2,1.791931152,-20.9603672,-50.28360748
885,1,android.sensor.accelerometer,19:26.2,0.680311024,0.67140913,9.773071289
886,1,android.sensor.accelerometer,19:26.2,8.27E-05,-0.000544852,-0.000502281
887,1,android.sensor.accelerometer,19:26.3,2.616714478,-20.46257019,-51.88564301
888,1,android.sensor.accelerometer,19:26.3,0.683512509,0.67686522,9.781267166
889,1,android.sensor.accelerometer,19:26.3,-0.000232143,-0.000521176,3.18E-05
890,1,android.sensor.accelerometer,19:26.4,2.177078247,-20.52657318,-51.67281342
891,1,android.sensor.accelerometer,19:26.4,0.667082727,0.675279379,9.780609131
892,1,android.sensor.accelerometer,19:26.4,-0.000232549,-0.000234849,0.000534868
893,1,android.sensor.accelerometer,19:26.4,2.023620605,-20.38674927,-52.05281067
894,1,android.sensor.accelerometer,19:26.5,0.673642337,0.676609159,9.782793045
895,1,android.sensor.accelerometer,19:26.5,-0.000232957,-0.000207795,0.000876578
896,1,android.sensor.accelerometer,19:26.5,8.10E-05,0.000106138,1.65E-05
897,1,android.sensor.accelerometer,19:26.5,0.680889666,0.675553441,9.767186165
898,1,android.sensor.accelerometer,19:26.5,3.189071655,-19.17326355,-51.0883255
899,1,android.sensor.accelerometer,19:26.5,2.769287109,-20.71554756,-51.96837616
,,,,,,
,,,,,,
,,,,,,
,,,,,,
,,,,,,
,,,,,,
,,,,,,
,,,,,,
,,,,,,
,,,,,,
,,,,,,
,,,,,,
,,,,,,
,,,,,,
,,,,,,
,,,,,,
,,,,,,
,,,,,,
,,,,,,
,,,,,,
,,,,,,
,,,,,,
,,,,,,
,,,,,,
,,,,,,
,,,,,,
,,,,,,
,,,,,,
,,,,,,
,,,,,,
,,,,,,
,,,,,,
,,,,,,
,,,,,,
,,,,,,
,,,,,,
,,,,,,
,,,,,,
,,,,,,
,,,,,,
,,,,,,
,,,,,,
,,,,,,
,,,,,,
,,,,,,
,,,,,,
,,,,,,
,,,,,,
,,,,,,
,,,,,,
,,,,,,
,,,,,,
,,,,,,
,,,,,,
,,,,,,
,,,,,,
,,,,,,
,,,,,,
,,,,,,
,,,,,,
,,,,,,
,,,,,,
,,,,,,
,,,,,,
,,,,,,
,,,,,,
,,,,,,
,,,,,,
,,,,,,
,,,,,,
,,,,,,
,,,,,,
,,,,,,
,,,,,,
,,,,,,
,,,,,,
,,,,,,
,,,,,,
,,,,,,
,,,,,,
,,,,,,
,,,,,,
,,,,,,
,,,,,,
,,,,,,
,,,,,,
,,,,,,
,,,,,,
,,,,,,
,,,,,,
,,,,,,
,,,,,,
,,,,,,
,,,,,,
,,,,,,
,,,,,,
,,,,,,
,,,,,,
,,,,,,
,,,,,,
,,,,,,
,,,,,,
,,,,,,
,,,,,,
,,,,,,
,,,,,,
,,,,,,
,,,,,,
,,,,,,
,,,,,,
,,,,,,
,,,,,,
,,,,,,
,,,,,,
,,,,,,
,,,,,,
,,,,,,
,,,,,,
,,,,,,
,,,,,,
,,,,,,
,,,,,,
,,,,,,
,,,,,,
,,,,,,
,,,,,,
,,,,,,
,,,,,,
,,,,,,
,,,,,,
,,,,,,
,,,,,,
,,,,,,
,,,,,,
,,,,,,
,,,,,,
,,,,,,
,,,,,,
,,,,,,
,,,,,,
,,,,,,
,,,,,,
,,,,,,
,,,,,,
,,,,,,
,,,,,,
,,,,,,
,,,,,,
,,,,,,
,,,,,,
,,,,,,
,,,,,,
,,,,,,
,,,,,,
,,,,,,
,,,,,,
,,,,,,
,,,,,,
,,,,,,
,,,,,,
,,,,,,
,,,,,,
,,,,,,
,,,,,,
,,,,,,
,,,,,,
,,,,,,
,,,,,,
,,,,,,
,,,,,,
,,,,,,
,,,,,,
,,,,,,
,,,,,,
,,,,,,
,,,,,,
,,,,,,
,,,,,,
,,,,,,
,,,,,,
,,,,,,
,,,,,,
,,,,,,
,,,,,,
,,,,,,
,,,,,,
,,,,,,
,,,,,,
,,,,,,
,,,,,,
,,,,,,
,,,,,,
,,,,,,
,,,,,,
,,,,,,
,,,,,,
,,,,,,
,,,,,,
,,,,,,
,,,,,,
,,,,,,
,,,,,,
,,,,,,
,,,,,,
,,,,,,
,,,,,,
,,,,,,
,,,,,,
,,,,,,
,,,,,,
,,,,,,
,,,,,,
,,,,,,
,,,,,,
,,,,,,
,,,,,,
,,,,,,
,,,,,,
,,,,,,
,,,,,,
,,,,,,
,,,,,,
,,,,,,
,,,,,,
,,,,,,
,,,,,,
,,,,,,
,,,,,,
,,,,,,
,,,,,,
,,,,,,
,,,,,,
,,,,,,
,,,,,,
,,,,,,
,,,,,,
,,,,,,
,,,,,,
,,,,,,
,,,,,,
,,,,,,
,,,,,,
,,,,,,
,,,,,,
,,,,,,
,,,,,,
,,,,,,
,,,,,,
,,,,,,
,,,,,,
,,,,,,
,,,,,,
,,,,,,
,,,,,,
,,,,,,
,,,,,,
,,,,,,
,,,,,,
,,,,,,
,,,,,,
,,,,,,
,,,,,,
,,,,,,
,,,,,,
,,,,,,
,,,,,,
,,,,,,
,,,,,,
,,,,,,
,,,,,,
,,,,,,
,,,,,,
,,,,,,
,,,,,,
,,,,,,
,,,,,,
,,,,,,
,,,,,,
,,,,,,
,,,,,,
,,,,,,
,,,,,,
,,,,,,
,,,,,,
,,,,,,
,,,,,,
,,,,,,
,,,,,,
,,,,,,
,,,,,,
,,,,,,
,,,,,,
,,,,,,
,,,,,,
,,,,,,
,,,,,,
,,,,,,
,,,,,,
,,,,,,
,,,,,,
,,,,,,
,,,,,,
,,,,,,
,,,,,,
,,,,,,
,,,,,,
,,,,,,
,,,,,,
,,,,,,
,,,,,,
,,,,,,
,,,,,,
,,,,,,
,,,,,,
,,,,,,
,,,,,,
,,,,,,
,,,,,,
,,,,,,
,,,,,,
,,,,,,
,,,,,,
,,,,,,
,,,,,,
,,,,,,
,,,,,,
,,,,,,
,,,,,,
,,,,,,
,,,,,,
,,,,,,
,,,,,,
,,,,,,
,,,,,,
,,,,,,
,,,,,,
,,,,,,
,,,,,,
,,,,,,
,,,,,,
,,,,,,
,,,,,,
,,,,,,
,,,,,,
,,,,,,
,,,,,,
,,,,,,
,,,,,,
,,,,,,
,,,,,,
,,,,,,
,,,,,,
,,,,,,
,,,,,,
,,,,,,
,,,,,,
,,,,,,
,,,,,,
,,,,,,
,,,,,,
,,,,,,
,,,,,,
,,,,,,
,,,,,,
,,,,,,
,,,,,,
,,,,,,
,,,,,,
,,,,,,
,,,,,,
,,,,,,
,,,,,,
,,,,,,
,,,,,,
,,,,,,
,,,,,,
,,,,,,
,,,,,,
,,,,,,
,,,,,,
,,,,,,
,,,,,,
,,,,,,
,,,,,,
,,,,,,
,,,,,,
,,,,,,
,,,,,,
,,,,,,
,,,,,,
,,,,,,
,,,,,,
,,,,,,
,,,,,,
,,,,,,
,,,,,,
,,,,,,
,,,,,,
,,,,,,
,,,,,,
,,,,,,
,,,,,,
,,,,,,
,,,,,,
,,,,,,
,,,,,,
,,,,,,
,,,,,,
,,,,,,
,,,,,,
,,,,,,
,,,,,,
,,,,,,
,,,,,,
,,,,,,
,,,,,,
,,,,,,
,,,,,,
,,,,,,
,,,,,,
,,,,,,
,,,,,,
,,,,,,
,,,,,,
,,,,,,
,,,,,,
,,,,,,
,,,,,,
,,,,,,
,,,,,,
,,,,,,
,,,,,,
,,,,,,
,,,,,,
,,,,,,
,,,,,,
,,,,,,
,,,,,,
,,,,,,
,,,,,,
,,,,,,
,,,,,,
,,,,,,
,,,,,,
,,,,,,
,,,,,,
,,,,,,
,,,,,,
,,,,,,
,,,,,,
,,,,,,
,,,,,,
,,,,,,
,,,,,,
,,,,,,
,,,,,,
,,,,,,
,,,,,,
,,,,,,
,,,,,,
,,,,,,
,,,,,,
,,,,,,
,,,,,,
,,,,,,
,,,,,,
,,,,,,
,,,,,,
,,,,,,
,,,,,,
,,,,,,
,,,,,,
,,,,,,
,,,,,,
,,,,,,
,,,,,,
,,,,,,
,,,,,,
,,,,,,
,,,,,,
,,,,,,
,,,,,,
,,,,,,
,,,,,,
,,,,,,
,,,,,,
,,,,,,
,,,,,,
,,,,,,
,,,,,,
,,,,,,
,,,,,,
,,,,,,
,,,,,,
,,,,,,
,,,,,,
,,,,,,
,,,,,,
,,,,,,
,,,,,,
,,,,,,
,,,,,,
,,,,,,
,,,,,,
,,,,,,
,,,,,,
,,,,,,
,,,,,,
,,,,,,
,,,,,,
,,,,,,
,,,,,,
,,,,,,
,,,,,,
,,,,,,
,,,,,,
,,,,,,
,,,,,,
,,,,,,
,,,,,,
,,,,,,
,,,,,,
,,,,,,
,,,,,,
,,,,,,
,,,,,,
,,,,,,
,,,,,,
,,,,,,
,,,,,,
,,,,,,
,,,,,,
,,,,,,
,,,,,,
,,,,,,
,,,,,,
,,,,,,
,,,,,,
,,,,,,
,,,,,,
,,,,,,
,,,,,,
,,,,,,
,,,,,,
,,,,,,
,,,,,,
,,,,,,
,,,,,,
,,,,,,
,,,,,,
,,,,,,
,,,,,,
,,,,,,
,,,,,,
,,,,,,
,,,,,,
,,,,,,
,,,,,,
,,,,,,
,,,,,,
,,,,,,
,,,,,,
,,,,,,
,,,,,,
,,,,,,
,,,,,,
,,,,,,
,,,,,,
,,,,,,
,,,,,,
,,,,,,
,,,,,,
,,,,,,
,,,,,,
,,,,,,
,,,,,,
,,,,,,
,,,,,,
,,,,,,
,,,,,,
,,,,,,
,,,,,,
,,,,,,
,,,,,,
,,,,,,
,,,,,,
,,,,,,
,,,,,,
,,,,,,
,,,,,,
,,,,,,
,,,,,,
,,,,,,
,,,,,,
,,,,,,
,,,,,,
,,,,,,
,,,,,,
,,,,,,
,,,,,,
,,,,,,
,,,,,,
,,,,,,
,,,,,,
,,,,,,
,,,,,,
,,,,,,
,,,,,,
,,,,,,
,,,,,,
,,,,,,
,,,,,,
,,,,,,
,,,,,,
,,,,,,
,,,,,,
,,,,,,
,,,,,,
,,,,,,
,,,,,,
,,,,,,
,,,,,,
,,,,,,
,,,,,,
,,,,,,
,,,,,,
,,,,,,
,,,,,,
,,,,,,
,,,,,,
,,,,,,
,,,,,,
,,,,,,
,,,,,,
,,,,,,
,,,,,,
,,,,,,
,,,,,,
,,,,,,
,,,,,,
,,,,,,
,,,,,,
,,,,,,
,,,,,,
,,,,,,
,,,,,,
,,,,,,
,,,,,,
,,,,,,
,,,,,,
,,,,,,
,,,,,,
,,,,,,
,,,,,,
,,,,,,
,,,,,,
,,,,,,
,,,,,,
,,,,,,
,,,,,,
,,,,,,
,,,,,,
,,,,,,
,,,,,,
,,,,,,
,,,,,,
,,,,,,
,,,,,,
,,,,,,
,,,,,,
,,,,,,
,,,,,,
,,,,,,
,,,,,,
,,,,,,
,,,,,,
,,,,,,
,,,,,,
,,,,,,
,,,,,,
,,,,,,
,,,,,,
,,,,,,
,,,,,,
,,,,,,
,,,,,,
,,,,,,
,,,,,,
,,,,,,
,,,,,,
,,,,,,
,,,,,,
,,,,,,
,,,,,,
,,,,,,
,,,,,,
,,,,,,
,,,,,,
,,,,,,
,,,,,,
,,,,,,
,,,,,,
,,,,,,
,,,,,,
,,,,,,
,,,,,,
,,,,,,
,,,,,,
,,,,,,
,,,,,,
,,,,,,
,,,,,,
,,,,,,
,,,,,,
,,,,,,
,,,,,,
,,,,,,
,,,,,,
,,,,,,
,,,,,,
,,,,,,
,,,,,,
,,,,,,
,,,,,,
,,,,,,
,,,,,,
,,,,,,
,,,,,,
,,,,,,
,,,,,,
,,,,,,
,,,,,,
,,,,,,
,,,,,,
,,,,,,
,,,,,,
,,,,,,
,,,,,,
,,,,,,
,,,,,,
,,,,,,
,,,,,,
,,,,,,
,,,,,,
,,,,,,
,,,,,,
,,,,,,
,,,,,,
,,,,,,
,,,,,,
,,,,,,
,,,,,,
,,,,,,
,,,,,,
,,,,,,
,,,,,,
,,,,,,
,,,,,,
,,,,,,
,,,,,,
,,,,,,
,,,,,,
,,,,,,
,,,,,,
,,,,,,
,,,,,,
,,,,,,
,,,,,,
,,,,,,
,,,,,,
,,,,,,
,,,,,,
,,,,,,
,,,,,,
,,,,,,
,,,,,,
,,,,,,
,,,,,,
,,,,,,
,,,,,,
,,,,,,
,,,,,,
,,,,,,
,,,,,,
,,,,,,
,,,,,,
,,,,,,
,,,,,,
,,,,,,
,,,,,,
,,,,,,
,,,,,,
,,,,,,
,,,,,,
,,,,,,
,,,,,,
,,,,,,
,,,,,,
,,,,,,
,,,,,,
,,,,,,
,,,,,,
,,,,,,
,,,,,,
,,,,,,
,,,,,,
,,,,,,
,,,,,,
,,,,,,
,,,,,,
,,,,,,
,,,,,,
,,,,,,
,,,,,,
,,,,,,
,,,,,,
,,,,,,
,,,,,,
,,,,,,
,,,,,,
,,,,,,
,,,,,,
,,,,,,
,,,,,,
,,,,,,
,,,,,,
,,,,,,
,,,,,,
,,,,,,
,,,,,,
,,,,,,
,,,,,,
,,,,,,
,,,,,,
,,,,,,
,,,,,,
,,,,,,
,,,,,,
,,,,,,
,,,,,,
,,,,,,
,,,,,,
,,,,,,
,,,,,,
,,,,,,
,,,,,,
,,,,,,
,,,,,,
,,,,,,
,,,,,,
,,,,,,
,,,,,,
,,,,,,
,,,,,,
,,,,,,
,,,,,,
,,,,,,
,,,,,,
,,,,,,
,,,,,,
,,,,,,
,,,,,,
,,,,,,
,,,,,,
,,,,,,
,,,,,,
,,,,,,
,,,,,,
,,,,,,
,,,,,,
,,,,,,
,,,,,,
,,,,,,
,,,,,,
,,,,,,
,,,,,,
,,,,,,
,,,,,,
,,,,,,
,,,,,,
,,,,,,
,,,,,,
,,,,,,
,,,,,,
,,,,,,
,,,,,,
,,,,,,
,,,,,,
,,,,,,
,,,,,,
,,,,,,
,,,,,,
,,,,,,
,,,,,,
,,,,,,
,,,,,,
,,,,,,
,,,,,,
,,,,,,
,,,,,,
,,,,,,
,,,,,,
,,,,,,
,,,,,,
,,,,,,
,,,,,,
,,,,,,
,,,,,,
,,,,,,
,,,,,,
,,,,,,
,,,,,,
,,,,,,
,,,,,,
,,,,,,
,,,,,,
,,,,,,
,,,,,,
,,,,,,
,,,,,,
,,,,,,
,,,,,,
,,,,,,
,,,,,,
,,,,,,
,,,,,,
,,,,,,
,,,,,,
,,,,,,
,,,,,,
,,,,,,
,,,,,,
,,,,,,
,,,,,,
,,,,,,
,,,,,,
,,,,,,
,,,,,,
,,,,,,
,,,,,,
,,,,,,
,,,,,,
,,,,,,
,,,,,,
,,,,,,
,,,,,,
,,,,,,
,,,,,,
,,,,,,
,,,,,,
,,,,,,
,,,,,,
,,,,,,
,,,,,,
,,,,,,
,,,,,,
,,,,,,
,,,,,,
,,,,,,
,,,,,,
,,,,,,
,,,,,,
,,,,,,
,,,,,,
,,,,,,
,,,,,,
,,,,,,
,,,,,,
,,,,,,
,,,,,,
,,,,,,
,,,,,,
,,,,,,
,,,,,,
,,,,,,
,,,,,,
,,,,,,
,,,,,,
,,,,,,
,,,,,,
,,,,,,
,,,,,,
,,,,,,
,,,,,,
,,,,,,
,,,,,,
,,,,,,
,,,,,,
,,,,,,
,,,,,,
,,,,,,
,,,,,,
,,,,,,
,,,,,,
,,,,,,
,,,,,,
,,,,,,
,,,,,,
,,,,,,
,,,,,,
,,,,,,
,,,,,,
,,,,,,
,,,,,,
,,,,,,
,,,,,,
,,,,,,
,,,,,,
,,,,,,
,,,,,,
,,,,,,
,,,,,,
,,,,,,
,,,,,,
,,,,,,
,,,,,,
,,,,,,
,,,,,,
,,,,,,
,,,,,,
,,,,,,
,,,,,,
,,,,,,
,,,,,,
,,,,,,
,,,,,,
,,,,,,
,,,,,,
,,,,,,
,,,,,,
,,,,,,
,,,,,,
,,,,,,
,,,,,,
,,,,,,
,,,,,,
,,,,,,
,,,,,,
,,,,,,
,,,,,,
,,,,,,
,,,,,,
,,,,,,
,,,,,,
,,,,,,
,,,,,,
,,,,,,
,,,,,,
,,,,,,
,,,,,,
,,,,,,
,,,,,,
,,,,,,
,,,,,,
,,,,,,
,,,,,,
,,,,,,
,,,,,,
,,,,,,
,,,,,,
,,,,,,
,,,,,,
,,,,,,
,,,,,,
,,,,,,
,,,,,,
,,,,,,
,,,,,,
,,,,,,
,,,,,,
,,,,,,
,,,,,,
,,,,,,
,,,,,,
,,,,,,
,,,,,,
,,,,,,
,,,,,,
,,,,,,
,,,,,,
,,,,,,
,,,,,,
,,,,,,
,,,,,,
,,,,,,
,,,,,,
,,,,,,
,,,,,,
,,,,,,
,,,,,,
,,,,,,
,,,,,,
,,,,,,
,,,,,,
,,,,,,
,,,,,,
,,,,,,
,,,,,,
,,,,,,
,,,,,,
,,,,,,
,,,,,,
,,,,,,
,,,,,,
,,,,,,
,,,,,,
,,,,,,
,,,,,,
,,,,,,
,,,,,,
,,,,,,
,,,,,,
,,,,,,
,,,,,,
,,,,,,
,,,,,,
,,,,,,
,,,,,,
,,,,,,
,,,,,,
,,,,,,
,,,,,,
,,,,,,
,,,,,,
,,,,,,
,,,,,,
,,,,,,
,,,,,,
,,,,,,
,,,,,,
,,,,,,
,,,,,,
,,,,,,
,,,,,,
,,,,,,
,,,,,,
,,,,,,
,,,,,,
,,,,,,
,,,,,,
,,,,,,
,,,,,,
,,,,,,
,,,,,,
,,,,,,
,,,,,,
,,,,,,
,,,,,,
,,,,,,
,,,,,,
,,,,,,
,,,,,,
,,,,,,
,,,,,,
,,,,,,
,,,,,,
,,,,,,
,,,,,,
,,,,,,
,,,,,,
,,,,,,
,,,,,,
,,,,,,
,,,,,,
,,,,,,
,,,,,,
,,,,,,
,,,,,,
,,,,,,
,,,,,,
,,,,,,
,,,,,,
,,,,,,
,,,,,,
,,,,,,
,,,,,,
,,,,,,
,,,,,,
,,,,,,
,,,,,,
,,,,,,
,,,,,,
,,,,,,
,,,,,,
,,,,,,
,,,,,,
,,,,,,
,,,,,,
,,,,,,
,,,,,,
,,,,,,
,,,,,,
,,,,,,
,,,,,,
,,,,,,
,,,,,,
,,,,,,
,,,,,,
,,,,,,
,,,,,,
,,,,,,
,,,,,,
,,,,,,
,,,,,,
,,,,,,
,,,,,,
,,,,,,
,,,,,,
,,,,,,
,,,,,,
,,,,,,
,,,,,,
,,,,,,
,,,,,,
,,,,,,
,,,,,,
,,,,,,
,,,,,,
,,,,,,
,,,,,,
,,,,,,
,,,,,,
,,,,,,
,,,,,,
,,,,,,
,,,,,,
,,,,,,
,,,,,,
,,,,,,
,,,,,,
,,,,,,
,,,,,,
,,,,,,
,,,,,,
,,,,,,
,,,,,,
,,,,,,
,,,,,,
,,,,,,
,,,,,,
,,,,,,
,,,,,,
,,,,,,
,,,,,,
,,,,,,
,,,,,,
,,,,,,
,,,,,,
,,,,,,
,,,,,,
,,,,,,
,,,,,,
,,,,,,
,,,,,,
,,,,,,
,,,,,,
,,,,,,
,,,,,,
,,,,,,
,,,,,,
,,,,,,
,,,,,,
,,,,,,
,,,,,,
,,,,,,
,,,,,,
,,,,,,
,,,,,,
,,,,,,
,,,,,,
,,,,,,
,,,,,,
,,,,,,
,,,,,,
,,,,,,
,,,,,,
,,,,,,
,,,,,,
,,,,,,
,,,,,,
,,,,,,
,,,,,,
,,,,,,
,,,,,,
,,,,,,
,,,,,,
,,,,,,
,,,,,,
,,,,,,
,,,,,,
,,,,,,
,,,,,,
,,,,,,
,,,,,,
,,,,,,
,,,,,,
,,,,,,
,,,,,,
,,,,,,
,,,,,,
,,,,,,
,,,,,,
,,,,,,
,,,,,,
,,,,,,
,,,,,,
,,,,,,
,,,,,,
,,,,,,
,,,,,,
,,,,,,
,,,,,,
,,,,,,
,,,,,,
,,,,,,
,,,,,,
,,,,,,
,,,,,,
,,,,,,
,,,,,,
,,,,,,
,,,,,,
,,,,,,
,,,,,,
,,,,,,
,,,,,,
,,,,,,
,,,,,,
,,,,,,
,,,,,,
,,,,,,
,,,,,,
,,,,,,
,,,,,,
,,,,,,
,,,,,,
,,,,,,
,,,,,,
,,,,,,
,,,,,,
,,,,,,
,,,,,,
,,,,,,
,,,,,,
,,,,,,
,,,,,,
,,,,,,
,,,,,,
,,,,,,
,,,,,,
,,,,,,
,,,,,,
,,,,,,
,,,,,,
,,,,,,
,,,,,,
,,,,,,
,,,,,,
,,,,,,
,,,,,,
,,,,,,
,,,,,,
,,,,,,
,,,,,,
,,,,,,
,,,,,,
,,,,,,
,,,,,,
,,,,,,
,,,,,,
,,,,,,
,,,,,,
,,,,,,
,,,,,,
,,,,,,
,,,,,,
,,,,,,
,,,,,,
,,,,,,
,,,,,,
,,,,,,
,,,,,,
,,,,,,
,,,,,,
,,,,,,
,,,,,,
,,,,,,
,,,,,,
,,,,,,
,,,,,,
,,,,,,
,,,,,,
,,,,,,
,,,,,,
,,,,,,
,,,,,,
,,,,,,
,,,,,,
,,,,,,
,,,,,,
,,,,,,
,,,,,,
,,,,,,
,,,,,,
,,,,,,
,,,,,,
,,,,,,
,,,,,,
,,,,,,
,,,,,,
,,,,,,
,,,,,,
,,,,,,
,,,,,,
,,,,,,
,,,,,,
,,,,,,
,,,,,,
,,,,,,
,,,,,,
,,,,,,
,,,,,,
,,,,,,
,,,,,,
,,,,,,
,,,,,,
,,,,,,
,,,,,,
,,,,,,
,,,,,,
,,,,,,
,,,,,,
,,,,,,
,,,,,,
,,,,,,
,,,,,,
,,,,,,
,,,,,,
,,,,,,
,,,,,,
,,,,,,
,,,,,,
,,,,,,
,,,,,,
,,,,,,
,,,,,,
,,,,,,
,,,,,,
,,,,,,
,,,,,,
,,,,,,
,,,,,,
,,,,,,
,,,,,,
,,,,,,
,,,,,,
,,,,,,
,,,,,,
,,,,,,
,,,,,,
,,,,,,
,,,,,,
,,,,,,
,,,,,,
,,,,,,
,,,,,,
,,,,,,
,,,,,,
,,,,,,
,,,,,,
,,,,,,
,,,,,,
,,,,,,
,,,,,,
,,,,,,
,,,,,,
,,,,,,
,,,,,,
,,,,,,
,,,,,,
,,,,,,
,,,,,,
,,,,,,
,,,,,,
,,,,,,
,,,,,,
,,,,,,
,,,,,,
,,,,,,
,,,,,,
,,,,,,
,,,,,,
,,,,,,
,,,,,,
,,,,,,
,,,,,,
,,,,,,
,,,,,,
,,,,,,
,,,,,,
,,,,,,
,,,,,,
,,,,,,
,,,,,,
,,,,,,
,,,,,,
,,,,,,
,,,,,,
,,,,,,
,,,,,,
,,,,,,
,,,,,,
,,,,,,
,,,,,,
,,,,,,
,,,,,,
,,,,,,
,,,,,,
,,,,,,
,,,,,,
,,,,,,
,,,,,,
,,,,,,
,,,,,,
,,,,,,
,,,,,,
,,,,,,
,,,,,,
,,,,,,
,,,,,,
,,,,,,
,,,,,,
,,,,,,
,,,,,,
,,,,,,
,,,,,,
,,,,,,
,,,,,,
,,,,,,
,,,,,,
,,,,,,
,,,,,,
,,,,,,
,,,,,,
,,,,,,
,,,,,,
,,,,,,
,,,,,,
,,,,,,
,,,,,,
,,,,,,
,,,,,,
,,,,,,
,,,,,,
,,,,,,
,,,,,,
,,,,,,
,,,,,,
,,,,,,
,,,,,,
,,,,,,
,,,,,,
,,,,,,
,,,,,,
,,,,,,
,,,,,,
,,,,,,
,,,,,,
,,,,,,
,,,,,,
,,,,,,
,,,,,,
,,,,,,
,,,,,,
,,,,,,
,,,,,,
,,,,,,
,,,,,,
,,,,,,
,,,,,,
,,,,,,
,,,,,,
,,,,,,
,,,,,,
,,,,,,
,,,,,,
,,,,,,
,,,,,,
,,,,,,
,,,,,,
,,,,,,
,,,,,,
,,,,,,
,,,,,,
,,,,,,
,,,,,,
,,,,,,
,,,,,,
,,,,,,
,,,,,,
,,,,,,
,,,,,,
,,,,,,
,,,,,,
,,,,,,
,,,,,,
,,,,,,
,,,,,,
,,,,,,
,,,,,,
,,,,,,
,,,,,,
,,,,,,
,,,,,,
,,,,,,
,,,,,,
,,,,,,
,,,,,,
,,,,,,
,,,,,,
,,,,,,
,,,,,,
,,,,,,
,,,,,,
,,,,,,
,,,,,,
,,,,,,
,,,,,,
,,,,,,
,,,,,,
,,,,,,
,,,,,,
,,,,,,
,,,,,,
,,,,,,
,,,,,,
,,,,,,
,,,,,,
,,,,,,
,,,,,,
,,,,,,
,,,,,,
,,,,,,
,,,,,,
,,,,,,
,,,,,,
,,,,,,
,,,,,,
,,,,,,
,,,,,,
,,,,,,
,,,,,,
,,,,,,
,,,,,,
,,,,,,
,,,,,,
,,,,,,
,,,,,,
,,,,,,
,,,,,,
,,,,,,
,,,,,,
,,,,,,
,,,,,,
,,,,,,
,,,,,,
,,,,,,
,,,,,,
,,,,,,
,,,,,,
,,,,,,
,,,,,,
,,,,,,
,,,,,,
,,,,,,
,,,,,,
,,,,,,
,,,,,,
,,,,,,
,,,,,,
,,,,,,
,,,,,,
,,,,,,
,,,,,,
,,,,,,
,,,,,,
,,,,,,
,,,,,,
,,,,,,
,,,,,,
,,,,,,
,,,,,,
,,,,,,
,,,,,,
,,,,,,
,,,,,,
,,,,,,
,,,,,,
,,,,,,
,,,,,,
,,,,,,
,,,,,,
,,,,,,
,,,,,,
,,,,,,
,,,,,,
,,,,,,
,,,,,,
,,,,,,
,,,,,,
,,,,,,
,,,,,,
,,,,,,
,,,,,,
,,,,,,
,,,,,,
,,,,,,
,,,,,,
,,,,,,
,,,,,,
,,,,,,
,,,,,,
,,,,,,
,,,,,,
,,,,,,
,,,,,,
,,,,,,
,,,,,,
,,,,,,
,,,,,,
,,,,,,
,,,,,,
,,,,,,
,,,,,,
,,,,,,
,,,,,,
,,,,,,
,,,,,,
,,,,,,
,,,,,,
,,,,,,
,,,,,,
,,,,,,
,,,,,,
,,,,,,
,,,,,,
,,,,,,
,,,,,,
,,,,,,
,,,,,,
,,,,,,
,,,,,,
,,,,,,
,,,,,,
,,,,,,
,,,,,,
,,,,,,
,,,,,,
,,,,,,
,,,,,,
,,,,,,
,,,,,,
,,,,,,
,,,,,,
,,,,,,
,,,,,,
,,,,,,
,,,,,,
,,,,,,
,,,,,,
,,,,,,
,,,,,,
,,,,,,
,,,,,,
,,,,,,
,,,,,,
,,,,,,
,,,,,,
,,,,,,
,,,,,,
,,,,,,
,,,,,,
,,,,,,
,,,,,,
,,,,,,
,,,,,,
,,,,,,
,,,,,,
,,,,,,
,,,,,,
,,,,,,
,,,,,,
,,,,,,
,,,,,,
,,,,,,
,,,,,,
