TIMESTAMP,X,Y,Z
2019-10-08 15:30:55.4220,-1.4093759059906,-9.61528587341309,1.53338611125946
2019-10-08 15:30:55.4220,-1.36397790908813,-9.48966503143311,1.51928353309631
2019-10-08 15:30:55.4990,-1.33739137649536,-9.57198524475098,1.47855603694916
2019-10-08 15:30:55.5790,-1.35210168361664,-9.68097019195557,1.45010411739349
2019-10-08 15:30:55.6580,-1.25700950622559,-9.64863681793213,1.45288693904877
2019-10-08 15:30:55.7410,-1.17553758621216,-9.63182544708252,1.40566909313202
2019-10-08 15:30:55.8189,-1.18734443187714,-9.62569999694824,1.44792068004608
2019-10-08 15:30:55.8200,-1.18052816390991,-9.39691066741943,1.47570633888245
2019-10-08 15:30:55.9000,-1.06070077419281,-9.41049766540527,1.51513516902924
2019-10-08 15:30:55.9830,-1.01399028301239,-9.66687202453613,1.32491409778595
2019-10-08 15:30:56.0580,-0.918479323387146,-9.80376529693604,1.30837452411652
2019-10-08 15:30:56.1390,-0.851572096347809,-9.49249076843262,1.31143009662628
2019-10-08 15:30:56.2180,-0.837865769863129,-9.64578819274902,1.26383364200592
2019-10-08 15:30:56.2180,-0.758754432201386,-10.3150777816772,1.19340682029724
2019-10-08 15:30:56.2980,-0.901042759418488,-9.73191547393799,1.25741970539093
2019-10-08 15:30:56.3790,-0.742860376834869,-9.83700847625732,1.17829918861389
2019-10-08 15:30:56.4590,-0.687425911426544,-9.62727451324463,1.28229749202728
2019-10-08 15:30:56.5380,-0.632035553455353,-9.63858509063721,1.23894417285919
2019-10-08 15:30:56.6160,-0.794321238994598,-9.72821521759033,1.34431147575378
2019-10-08 15:30:56.6160,-0.888266384601593,-9.62993049621582,1.34887802600861
2019-10-08 15:30:56.6969,-0.867298066616058,-9.67870426177979,1.33265376091003
2019-10-08 15:30:56.7760,-0.732803821563721,-9.70673656463623,1.22791707515717
2019-10-08 15:30:56.8540,-0.72319483757019,-9.57006645202637,1.0210372209549
2019-10-08 15:30:56.9340,-0.879364609718323,-9.42315578460693,0.936411917209625
2019-10-08 15:30:57.0160,-0.621970534324646,-9.69436359405518,0.813565313816071
2019-10-08 15:30:57.0170,-0.34060800075531,-9.03918170928955,0.814963817596436
2019-10-08 15:30:57.0930,-0.37822699546814,-10.7343454360962,0.795905888080597
2019-10-08 15:30:57.1750,-0.435796141624451,-10.4937314987183,0.814432740211487
2019-10-08 15:30:57.2550,-0.0999125763773918,-9.5033130645752,0.798875391483307
2019-10-08 15:30:57.3320,-0.0966417118906975,-9.81954669952393,0.82878589630127
2019-10-08 15:30:57.4150,-0.356372833251953,-9.7533540725708,0.827530920505524
2019-10-08 15:30:57.4940,-0.288077861070633,-9.85026359558106,0.66948413848877
2019-10-08 15:30:57.4940,-0.0507961586117744,-9.80656909942627,0.703600406646729
2019-10-08 15:30:57.5750,-0.299202024936676,-9.75901699066162,0.761120617389679
2019-10-08 15:30:57.6530,-0.601383209228516,-9.71017932891846,0.916406452655792
2019-10-08 15:30:57.7330,-0.413698196411133,-9.73724842071533,0.63653427362442
2019-10-08 15:30:57.8110,0.0441979318857193,-9.72921276092529,0.485599249601364
2019-10-08 15:30:57.8950,0.0447375327348709,-9.92003726959229,0.58906364440918
2019-10-08 15:30:57.8950,-0.220737621188164,-9.95584392547607,0.551708877086639
2019-10-08 15:30:57.9730,-0.302195459604263,-9.82561588287354,0.202037811279297
2019-10-08 15:30:58.0520,-0.0596011728048325,-9.73343181610107,0.044482059776783
2019-10-08 15:30:58.1360,0.436453282833099,-9.87486076354981,-0.543121516704559
2019-10-08 15:30:58.2180,0.137141168117523,-9.64060878753662,-0.805098235607147
2019-10-08 15:30:58.3070,-0.82345187664032,-10.4479360580444,0.12734043598175
2019-10-08 15:30:58.3070,-2.3855299949646,-9.38638305664063,0.893717288970947
2019-10-08 15:30:58.3820,-1.86162173748016,-9.4148530960083,0.980688154697418
2019-10-08 15:30:58.4620,-1.52788519859314,-9.69740772247314,0.775565981864929
2019-10-08 15:30:58.5390,-2.33439874649048,-10.5124044418335,0.803725957870483
2019-10-08 15:30:58.6200,-2.1743061542511,-10.3694124221802,1.17689192295074
2019-10-08 15:30:58.7040,1.64558231830597,-10.1328735351563,3.13145709037781
2019-10-08 15:30:58.7050,-0.440961718559265,-11.5789976119995,1.91798222064972
2019-10-08 15:30:58.7790,0.374369978904724,-7.49950742721558,3.49677467346191
2019-10-08 15:30:58.8620,-0.0818761885166168,-6.83148193359375,3.00395107269287
2019-10-08 15:30:58.9320,-0.349865913391113,-6.62382316589356,3.93407511711121
2019-10-08 15:30:59.0120,-0.858318269252777,-6.93824338912964,3.61191844940186
2019-10-08 15:30:59.0910,-0.497583031654358,-5.0824556350708,3.34456253051758
2019-10-08 15:30:59.0920,0.327582716941833,-6.37174797058106,4.93081140518189
2019-10-08 15:30:59.1750,3.63760375976562,-16.1134223937988,6.26871347427368
2019-10-08 15:30:59.2550,-5.74419355392456,-12.9269886016846,-3.42429208755493
2019-10-08 15:30:59.3610,-2.80691480636597,-18.4565277099609,1.18491351604462
2019-10-08 15:30:59.4290,-2.17746329307556,-6.1595516204834,1.38214290142059
2019-10-08 15:30:59.4290,-1.82849907875061,-8.55730247497559,0.909094631671906
2019-10-08 15:30:59.5210,-2.01286220550537,-8.83163547515869,2.05151200294495
2019-10-08 15:30:59.5940,-2.71347522735596,-10.6819677352905,0.162682443857193
2019-10-08 15:30:59.6740,2.2265293598175,-9.61778926849365,0.520893335342407
2019-10-08 15:30:59.7670,-1.30629777908325,-9.59276294708252,0.133985549211502
2019-10-08 15:30:59.8380,-0.473323881626129,-10.0299711227417,1.02175033092499
2019-10-08 15:30:59.8380,0.0048750564455986,-10.3108949661255,-0.206107646226883
2019-10-08 15:30:59.9110,0.24212883412838,-9.92695045471191,0.202453702688217
2019-10-08 15:30:59.9920,-0.698507785797119,-9.58485126495361,0.561227321624756
2019-10-08 15:31:00.0650,-0.798899710178375,-9.78426361083984,0.0810034647583962
2019-10-08 15:31:00.1460,-0.180392295122147,-10.0639982223511,0.122132562100887
2019-10-08 15:31:00.2270,-0.250153243541718,-9.76215267181397,0.010190524160862
2019-10-08 15:31:00.2270,-0.441326677799225,-9.69824600219727,-0.0507431998848915
2019-10-08 15:31:00.3120,-0.509973168373108,-9.84747219085693,0.023687444627285
2019-10-08 15:31:00.3950,-0.691380500793457,-10.0034093856812,0.179553836584091
2019-10-08 15:31:00.4750,-0.671122312545776,-9.77799415588379,0.0134480819106102
2019-10-08 15:31:00.5500,-0.571154832839966,-9.80319786071777,0.0212423801422119
2019-10-08 15:31:00.6360,-0.644454061985016,-9.79035377502441,-0.0188120603561401
2019-10-08 15:31:00.6360,-0.488212823867798,-9.87097358703613,-0.0968730449676514
2019-10-08 15:31:00.7040,-0.490074157714844,-9.86746692657471,-0.0830127373337746
2019-10-08 15:31:00.7870,-0.521619200706482,-9.80868625640869,-0.130942285060883
2019-10-08 15:31:00.8630,-0.529658019542694,-9.77212715148926,-0.119148336350918
2019-10-08 15:31:00.9430,-0.599659562110901,-9.83334636688232,-0.0633518621325493
2019-10-08 15:31:01.0230,-0.619494318962097,-9.8481559753418,-0.0216642450541258
2019-10-08 15:31:01.0230,-0.640985429286957,-9.84041976928711,0.0354830995202065
2019-10-08 15:31:01.1030,-0.620824575424194,-9.78044033050537,0.0166409015655518
2019-10-08 15:31:01.1820,-0.587532460689545,-9.81502246856689,0.0413549989461899
2019-10-08 15:31:01.2600,-0.567331731319428,-9.83152675628662,-0.00236869230866432
2019-10-08 15:31:01.3410,-0.530960738658905,-9.8012170791626,-0.0472447387874126
2019-10-08 15:31:01.4200,-0.500472843647003,-9.82334327697754,-0.0439465567469597
2019-10-08 15:31:01.4200,-0.525473833084106,-9.82134437561035,-0.0162816159427166
2019-10-08 15:31:01.5010,-0.538496732711792,-9.813796043396,-0.0214360803365707
2019-10-08 15:31:01.5800,-0.581339716911316,-9.83202838897705,0.00695215538144112
2019-10-08 15:31:01.6600,-0.598162114620209,-9.84014415740967,0.0118816569447517
2019-10-08 15:31:01.7400,-0.534936428070068,-9.90672206878662,-0.000495079904794693
2019-10-08 15:31:01.8200,-0.432241797447205,-10.1837701797485,-0.14057494699955
2019-10-08 15:31:01.8200,-0.0492433905601501,-10.2804651260376,-0.0976241752505302
2019-10-08 15:31:01.8990,0.166410997509956,-9.40336227416992,-0.0466456823050976
2019-10-08 15:31:01.9790,0.0256856456398964,-9.96123218536377,-0.720539212226868
2019-10-08 15:31:02.0570,-1.54462277889252,-10.2774419784546,0.24763348698616
2019-10-08 15:31:02.1370,-0.931439101696014,-9.2292013168335,1.31486356258392
2019-10-08 15:31:02.2220,-3.19960570335388,-8.69064235687256,1.60625910758972
2019-10-08 15:31:02.2220,-1.80652272701263,-9.51446056365967,0.730486869812012
2019-10-08 15:31:02.2990,-1.89419305324554,-10.651948928833,-0.326632380485535
2019-10-08 15:31:02.3800,-0.273815780878067,-9.32780933380127,0.628518581390381
2019-10-08 15:31:02.4590,-0.937606275081635,-9.71965599060059,0.544033110141754
2019-10-08 15:31:02.5390,-1.7346738576889,-13.1561632156372,-1.49677062034607
2019-10-08 15:31:02.6170,-0.977673709392548,-13.6310205459595,5.40879201889038
2019-10-08 15:31:02.6170,-1.38225817680359,-12.8071308135986,8.1096076965332
2019-10-08 15:31:02.7000,0.195160493254662,-6.57061100006104,3.92906904220581
2019-10-08 15:31:02.7810,0.570048689842224,-3.53278589248657,0.872902452945709
2019-10-08 15:31:02.8570,0.617725670337677,-3.90090894699097,1.1995484828949
2019-10-08 15:31:02.9370,0.429933130741119,-5.58528089523315,-0.292682200670242
2019-10-08 15:31:03.0160,2.7022271156311,-13.7782201766968,0.962068855762482
2019-10-08 15:31:03.0160,-5.60290241241455,-14.6269521713257,2.30413818359375
2019-10-08 15:31:03.0950,1.12017714977264,-8.06882667541504,1.6511744260788
2019-10-08 15:31:03.1739,-1.13581335544586,-10.4653062820435,0.407365828752518
2019-10-08 15:31:03.2590,-1.31012713909149,-9.34247016906738,0.213032841682434
2019-10-08 15:31:03.3340,-0.449251770973206,-9.73677349090576,0.403729230165482
2019-10-08 15:31:03.4140,-1.26834380626678,-9.93698787689209,0.462358206510544
2019-10-08 15:31:03.4150,-0.939662277698517,-9.73219013214111,0.454570382833481
2019-10-08 15:31:03.4930,-0.394366323947906,-9.60938739776611,0.351067364215851
2019-10-08 15:31:03.5750,-0.396101593971252,-9.81331348419189,0.335704863071442
2019-10-08 15:31:03.6590,-0.560599982738495,-9.84475231170654,0.227864652872086
2019-10-08 15:31:03.7350,-0.315089136362076,-9.77117729187012,0.145673125982285
2019-10-08 15:31:03.8149,-0.281414538621902,-9.77546215057373,0.141141533851624
2019-10-08 15:31:03.8950,-0.384007513523102,-9.83891201019287,0.242722868919373
2019-10-08 15:31:03.8960,-0.368655860424042,-9.83163642883301,0.17414391040802
2019-10-08 15:31:03.9750,-0.458859205245972,-9.81485843658447,0.266321629285812
2019-10-08 15:31:04.0560,-0.39183509349823,-9.82105159759522,0.248729377985001
2019-10-08 15:31:04.1370,-0.434851109981537,-9.79889106750488,0.253155171871185
2019-10-08 15:31:04.2160,-0.431120991706848,-9.85215091705322,0.306523025035858
2019-10-08 15:31:04.2940,-0.400644421577454,-9.77446269989014,0.299818873405457
2019-10-08 15:31:04.2940,-0.414543032646179,-9.78937435150147,0.272147446870804
2019-10-08 15:31:04.3730,-0.404180467128754,-9.83199214935303,0.307157784700394
2019-10-08 15:31:04.4500,-0.398937702178955,-9.82325839996338,0.296343445777893
2019-10-08 15:31:04.5300,-0.407753705978394,-9.78536891937256,0.296501040458679
2019-10-08 15:31:04.6090,-0.427673518657684,-9.82727241516113,0.308425664901733
2019-10-08 15:31:04.6889,-0.455832600593567,-9.79975032806397,0.295646131038666
2019-10-08 15:31:04.6889,-0.408718287944794,-9.82163047790527,0.282793372869492
2019-10-08 15:31:04.7700,-0.211419075727463,-9.84867000579834,0.170636266469955
2019-10-08 15:31:04.8500,-0.314328670501709,-9.78895854949951,0.170961409807205
2019-10-08 15:31:04.9280,-0.462895274162293,-9.80701732635498,0.31812709569931
2019-10-08 15:31:05.0110,-0.504273116588593,-9.79288005828857,0.278830319643021
2019-10-08 15:31:05.0910,-0.490962624549866,-9.80931568145752,0.259598791599274
2019-10-08 15:31:05.0910,-0.482020735740662,-9.83950138092041,0.218239545822144
2019-10-08 15:31:05.1690,-0.326701641082764,-9.84961414337158,0.228641897439957
2019-10-08 15:31:05.2490,-0.451375424861908,-9.78115653991699,0.233863532543182
2019-10-08 15:31:05.3300,-0.554068267345428,-9.77881526947022,0.212562143802643
2019-10-08 15:31:05.4079,-0.582328021526337,-9.79692268371582,0.246185332536697
2019-10-08 15:31:05.4890,-0.544000387191772,-9.83450984954834,0.248000204563141
2019-10-08 15:31:05.4890,-0.513659477233887,-9.78260040283203,0.246519684791565
2019-10-08 15:31:05.5689,-0.53623765707016,-9.82308387756348,0.212980449199677
2019-10-08 15:31:05.6510,-0.56211394071579,-9.81266975402832,0.229034900665283
2019-10-08 15:31:05.7500,-0.484212696552277,-9.80931377410889,0.224282681941986
2019-10-08 15:31:05.8290,-0.526337146759033,-9.77025413513184,0.221630275249481
2019-10-08 15:31:05.8300,-0.579164505004883,-9.81944274902344,0.255211025476456
2019-10-08 15:31:05.9120,-0.51735258102417,-9.78909587860107,0.242466956377029
2019-10-08 15:31:05.9900,-0.540935397148132,-9.78059577941895,0.19738706946373
2019-10-08 15:31:06.0680,-0.522724568843842,-9.70149517059326,-0.0974789932370186
2019-10-08 15:31:06.1510,-0.720081448554993,-9.71258735656738,-0.325877487659454
2019-10-08 15:31:06.2320,-1.55544996261597,-10.0723495483398,0.851909458637238
2019-10-08 15:31:06.2320,-2.36729311943054,-10.3457050323486,1.79891574382782
2019-10-08 15:31:06.3070,-1.77967977523804,-9.4773645401001,1.74048912525177
2019-10-08 15:31:06.3890,0.750403106212616,-11.7931413650513,4.67099332809448
2019-10-08 15:31:06.4730,-1.36203169822693,-9.62218379974365,3.0442066192627
2019-10-08 15:31:06.5500,-0.397854208946228,-6.16566371917725,3.36304259300232
2019-10-08 15:31:06.6290,-0.287232011556625,-6.35044479370117,3.65535020828247
2019-10-08 15:31:06.6290,-1.00246202945709,-7.17174482345581,4.33014440536499
2019-10-08 15:31:06.7070,-0.501830637454987,-6.98302793502808,4.13513660430908
2019-10-08 15:31:06.7860,-0.315704256296158,-5.84971761703491,3.85034441947937
2019-10-08 15:31:06.8670,-0.4142085313797,-2.6568021774292,2.67932510375977
2019-10-08 15:31:06.9470,-1.94938158988953,-25.3311786651611,8.42132377624512
2019-10-08 15:31:07.0310,-2.91366052627563,-1.94650387763977,-4.19887208938599
2019-10-08 15:31:07.0310,-5.12446165084839,-20.9981575012207,3.53820180892944
2019-10-08 15:31:07.1110,0.00920682400465012,-6.73624992370606,1.59621179103851
2019-10-08 15:31:07.1860,-3.83422255516052,-7.17266941070557,2.91542196273804
2019-10-08 15:31:07.2720,-0.817079186439514,-10.0961017608643,1.53139662742615
2019-10-08 15:31:07.3489,-2.04929661750793,-10.3606538772583,1.09702599048615
2019-10-08 15:31:07.4240,-1.31841921806335,-9.59389400482178,0.608227014541626
2019-10-08 15:31:07.4250,-0.670540273189545,-8.81564235687256,-0.042754415422678
2019-10-08 15:31:07.5040,-1.20465922355652,-9.88617897033691,0.297572135925293
2019-10-08 15:31:07.5870,-1.85737156867981,-10.4286527633667,0.935518264770508
2019-10-08 15:31:07.6670,-1.27885615825653,-9.67601299285889,0.451018780469894
2019-10-08 15:31:07.7420,-0.640101253986359,-9.73235416412354,0.201711535453796
2019-10-08 15:31:07.8230,-0.77586704492569,-9.78602695465088,0.366927981376648
2019-10-08 15:31:07.8240,-1.01417207717896,-9.83559417724609,0.459488958120346
2019-10-08 15:31:07.9050,-1.06877648830414,-9.77490615844727,0.351250290870666
2019-10-08 15:31:07.9830,-0.840124487876892,-9.81232738494873,0.314751088619232
2019-10-08 15:31:08.0600,-0.786018431186676,-9.7939453125,0.237657219171524
2019-10-08 15:31:08.1470,-0.890133082866669,-9.74920558929443,0.206086993217468
2019-10-08 15:31:08.2230,-0.953210532665253,-9.75989437103272,0.209134221076965
2019-10-08 15:31:08.2230,-0.910711944103241,-9.76724052429199,0.204840570688248
2019-10-08 15:31:08.3000,-0.873531699180603,-9.84088039398193,0.200915843248367
2019-10-08 15:31:08.3970,-0.919030547142029,-9.82860469818115,0.211872130632401
2019-10-08 15:31:08.4720,-0.973927617073059,-9.73350238800049,0.237274527549744
2019-10-08 15:31:08.5390,-1.01084995269775,-9.80459403991699,0.296236574649811
2019-10-08 15:31:08.6280,-1.04589653015137,-9.77349185943604,0.261750221252441
2019-10-08 15:31:08.6280,-1.05050194263458,-9.74172878265381,0.264200389385223
2019-10-08 15:31:08.7000,-1.04247772693634,-9.75992012023926,0.277346968650818
2019-10-08 15:31:08.7830,-1.02168703079224,-9.77233791351318,0.271154195070267
2019-10-08 15:31:08.8630,-1.00998723506928,-9.78806781768799,0.264682799577713
2019-10-08 15:31:08.9390,-1.04325389862061,-9.77225208282471,0.287052452564239
2019-10-08 15:31:09.0180,-1.08120119571686,-9.74845218658447,0.312061250209808
2019-10-08 15:31:09.0190,-1.11737775802612,-9.77367973327637,0.342853248119354
2019-10-08 15:31:09.1019,-1.14669811725616,-9.7826509475708,0.323206096887588
2019-10-08 15:31:09.1770,-1.0641348361969,-9.7110652923584,0.316524147987366
2019-10-08 15:31:09.2640,-1.09148037433624,-9.6309871673584,0.263920724391937
2019-10-08 15:31:09.3390,-1.06615650653839,-9.79381656646729,0.381686091423035
2019-10-08 15:31:09.4190,-1.26831388473511,-9.80788516998291,0.449939996004105
2019-10-08 15:31:09.4190,-1.303053855896,-9.72494411468506,0.480621963739395
2019-10-08 15:31:09.5010,-1.25771951675415,-9.82914543151856,0.593478560447693
2019-10-08 15:31:09.5770,-0.720804452896118,-10.1123304367065,0.291820555925369
2019-10-08 15:31:09.6580,0.129989758133888,-10.3354396820068,-0.393153727054596
2019-10-08 15:31:09.7350,-0.689145147800446,-9.28025817871094,-1.70559465885162
2019-10-08 15:31:09.8120,-1.25454020500183,-9.09738445281982,0.635886788368225
2019-10-08 15:31:09.8120,-2.36291122436523,-10.6059446334839,3.337482213974
2019-10-08 15:31:09.8910,-3.92635154724121,-9.1592435836792,1.22012841701508
2019-10-08 15:31:09.9730,-1.6200031042099,-9.03513622283936,0.775564253330231
2019-10-08 15:31:10.0530,-1.73962426185608,-9.77405261993408,0.242623835802078
2019-10-08 15:31:10.1320,-1.54940783977509,-10.7019729614258,0.21828219294548
2019-10-08 15:31:10.2160,-1.35582864284515,-8.75460433959961,0.72204065322876
2019-10-08 15:31:10.2940,-1.00298964977264,-13.2558660507202,-0.909016489982605
2019-10-08 15:31:10.2940,0.298263609409332,-12.9966764450073,7.08611631393433
2019-10-08 15:31:10.3760,-2.16371965408325,-11.192572593689,7.29772615432739
2019-10-08 15:31:10.4570,-0.153156459331512,-7.47746801376343,4.49401044845581
2019-10-08 15:31:10.5380,-0.218546316027641,-4.35107469558716,2.01491355895996
2019-10-08 15:31:10.6150,0.131903424859047,-4.76280784606934,1.20340383052826
2019-10-08 15:31:10.6939,-0.207963645458221,-6.49252462387085,2.00211143493652
2019-10-08 15:31:10.6949,0.938883304595947,-8.83407497406006,0.532128810882568
2019-10-08 15:31:10.7750,-0.668351709842682,-17.7357635498047,3.35231757164001
2019-10-08 15:31:10.8560,-1.86163210868835,-7.33545970916748,0.44200137257576
2019-10-08 15:31:10.9420,-1.84673309326172,-9.42222499847412,0.481444925069809
2019-10-08 15:31:11.0110,-1.11151123046875,-10.0432453155518,0.963152229785919
2019-10-08 15:31:11.0910,-1.1032075881958,-9.608962059021,-0.200521945953369
2019-10-08 15:31:11.0920,-0.188294634222984,-9.77593040466309,0.581498205661774
2019-10-08 15:31:11.1810,-0.935248255729675,-9.70784950256348,0.134607881307602
2019-10-08 15:31:11.2580,-1.12021243572235,-9.76962757110596,0.360016942024231
2019-10-08 15:31:11.3340,-1.02523267269135,-9.6452693939209,0.32326939702034
2019-10-08 15:31:11.4160,-0.957527756690979,-9.43748188018799,0.0721680596470833
2019-10-08 15:31:11.4920,-1.46438777446747,-9.89597415924072,0.611141502857208
2019-10-08 15:31:11.4930,-1.03996741771698,-9.96817207336426,0.489139586687088
2019-10-08 15:31:11.5709,-1.13644599914551,-9.69996356964111,0.498334020376205
2019-10-08 15:31:11.6530,-1.14747071266174,-9.63350009918213,0.688431739807129
2019-10-08 15:31:11.7380,-1.12933528423309,-9.69153785705566,0.698841571807861
2019-10-08 15:31:11.8100,-1.08676362037659,-9.73721027374268,0.74180281162262
2019-10-08 15:31:11.8920,-0.961507856845856,-9.73209476470947,0.669015884399414
2019-10-08 15:31:11.8920,-1.03972315788269,-9.65956497192383,0.67304927110672
2019-10-08 15:31:11.9820,-1.05573701858521,-9.76659774780273,0.643772006034851
2019-10-08 15:31:12.0509,-0.933824181556702,-9.78052425384522,0.581982493400574
2019-10-08 15:31:12.1560,-0.973287522792816,-9.79775047302246,0.52864795923233
2019-10-08 15:31:12.1570,-1.00090968608856,-9.75570869445801,0.516362369060516
2019-10-08 15:31:12.2430,-0.964632868766785,-9.68172359466553,0.395320445299149
2019-10-08 15:31:12.3090,-0.981190025806427,-9.72307014465332,0.468033760786057
2019-10-08 15:31:12.3890,-0.962794125080109,-9.77941703796387,0.48486253619194
2019-10-08 15:31:12.4690,-1.02412307262421,-9.80258941650391,0.474972814321518
2019-10-08 15:31:12.5460,-0.937495172023773,-9.76875114440918,0.459150046110153
2019-10-08 15:31:12.6280,-0.794561207294464,-9.84596729278564,0.425392210483551
2019-10-08 15:31:12.6280,-0.525075495243073,-9.96263694763184,0.329905301332474
2019-10-08 15:31:12.7060,-0.387782752513885,-9.64633464813232,0.289648234844208
2019-10-08 15:31:12.7880,-0.72234433889389,-9.52076435089111,0.537487328052521
2019-10-08 15:31:12.8690,-1.36581337451935,-9.66752910614014,0.845826268196106
2019-10-08 15:31:12.9470,-1.80291199684143,-9.80951976776123,0.950934708118439
2019-10-08 15:31:13.0280,-1.37512898445129,-9.83935451507568,0.435042142868042
2019-10-08 15:31:13.0280,-0.662541031837463,-9.83148288726807,0.235578179359436
2019-10-08 15:31:13.1070,-0.975309550762177,-9.65087795257568,-0.278703182935715
2019-10-08 15:31:13.1900,-1.80931830406189,-9.65049552917481,0.376034557819366
2019-10-08 15:31:13.2700,-2.27616214752197,-9.71430110931397,1.14398658275604
2019-10-08 15:31:13.3459,-2.25664305686951,-9.68038845062256,1.06962478160858
2019-10-08 15:31:13.4310,-1.92212665081024,-9.44783687591553,0.411378741264343
2019-10-08 15:31:13.4320,-1.57928514480591,-9.73735427856445,0.0818302258849144
2019-10-08 15:31:13.5150,-1.93648791313171,-9.78456592559814,0.107895888388157
2019-10-08 15:31:13.5910,-1.85333657264709,-9.77422904968262,0.0220675617456436
2019-10-08 15:31:13.6730,-1.59995448589325,-9.99071407318115,-0.00701918452978134
2019-10-08 15:31:13.7610,-0.111262641847134,-10.3306188583374,1.04323220252991
2019-10-08 15:31:13.8230,-0.107177995145321,-9.51838970184326,2.36353588104248
2019-10-08 15:31:13.8230,-0.704349637031555,-11.0722990036011,4.08634090423584
2019-10-08 15:31:13.9060,-0.41892147064209,-9.81616687774658,3.85278964042664
2019-10-08 15:31:13.9880,-0.869499802589417,-7.34955978393555,2.79581117630005
2019-10-08 15:31:14.0660,0.143384277820587,-7.08687162399292,1.68489587306976
2019-10-08 15:31:14.1510,-0.0442769043147564,-8.70077705383301,2.35601854324341
2019-10-08 15:31:14.2240,-0.288910686969757,-9.30221462249756,2.81954550743103
2019-10-08 15:31:14.2250,-0.688091814517975,-9.58389759063721,2.37916326522827
2019-10-08 15:31:14.3050,-0.871587634086609,-10.2528114318848,2.60300970077515
2019-10-08 15:31:14.3900,-2.00254797935486,-10.4361047744751,2.41487073898315
2019-10-08 15:31:14.4770,-1.47472023963928,-9.2848596572876,1.87407088279724
2019-10-08 15:31:14.5520,-1.32543182373047,-9.5534725189209,1.71814167499542
2019-10-08 15:31:14.6300,-1.10825371742249,-9.67391300201416,1.52274906635284
2019-10-08 15:31:14.6300,-1.09020161628723,-9.59402275085449,1.3095977306366
2019-10-08 15:31:14.7090,-0.944241106510162,-9.70568943023682,1.14825224876404
2019-10-08 15:31:14.7880,-1.09765553474426,-9.69957542419434,0.892913699150085
2019-10-08 15:31:14.8610,-0.944030463695526,-9.46261692047119,0.444940984249115
2019-10-08 15:31:14.9390,-1.62900567054749,-9.48797798156738,0.263492047786713
2019-10-08 15:31:15.0210,-2.06530952453613,-10.2008104324341,0.616341650485992
2019-10-08 15:31:15.0220,-2.08081960678101,-9.52836418151856,0.553417444229126
2019-10-08 15:31:15.1040,-2.18989157676697,-9.20762252807617,0.91214257478714
2019-10-08 15:31:15.1840,-2.00479054450989,-9.35316753387451,0.906692802906036
2019-10-08 15:31:15.2630,-1.8965482711792,-9.15097999572754,0.957940518856049
2019-10-08 15:31:15.3400,-2.63695740699768,-9.28764629364014,1.6709725856781
2019-10-08 15:31:15.4230,-3.43141937255859,-10.2975645065308,1.86660134792328
2019-10-08 15:31:15.4230,-0.345131456851959,-14.5504503250122,0.845253050327301
2019-10-08 15:31:15.5060,0.158306330442429,-10.1124954223633,1.71367537975311
2019-10-08 15:31:15.5830,0.712692677974701,-10.1602077484131,0.573193073272705
2019-10-08 15:31:15.6800,-0.499032616615295,-7.66927862167358,1.36648857593536
2019-10-08 15:31:15.7440,0.0754365026950836,-6.99103689193726,1.61270272731781
2019-10-08 15:31:15.8179,-0.0728731006383896,-6.91360473632813,2.57655882835388
2019-10-08 15:31:15.8179,-0.921493470668793,-8.19283199310303,3.77061533927917
2019-10-08 15:31:15.8980,-1.0661758184433,-5.14089488983154,3.32753443717957
2019-10-08 15:31:15.9880,-1.89117646217346,-3.07912731170654,3.1197452545166
2019-10-08 15:31:16.0610,-10.3378601074219,-30.9829025268555,6.88284158706665
2019-10-08 15:31:16.1400,5.34874391555786,-0.699228882789612,-1.83292424678803
2019-10-08 15:31:16.2220,-3.38628363609314,-17.5456485748291,2.19863152503967
2019-10-08 15:31:16.2230,0.031302310526371,-6.09993505477905,1.45085501670837
2019-10-08 15:31:16.2990,-3.84366607666016,-8.67679786682129,2.34939813613892
2019-10-08 15:31:16.3750,0.500838220119476,-10.1632595062256,1.62563097476959
2019-10-08 15:31:16.4540,-1.41107225418091,-11.4924383163452,1.55015730857849
2019-10-08 15:31:16.5400,-1.02734673023224,-8.84836006164551,1.10835766792297
2019-10-08 15:31:16.6220,-0.461313486099243,-8.62623405456543,0.87549763917923
2019-10-08 15:31:16.7020,-1.34095001220703,-9.6723804473877,1.00525724887848
2019-10-08 15:31:16.7020,-1.03403532505035,-10.6611738204956,0.520951330661774
2019-10-08 15:31:16.7750,-0.274621665477753,-9.99919128417969,1.14489567279816
2019-10-08 15:31:16.8540,-1.12316453456879,-9.5530948638916,0.862304449081421
2019-10-08 15:31:16.9360,-0.790909826755524,-9.71028995513916,0.33763200044632
2019-10-08 15:31:17.0160,-0.545037567615509,-9.82639980316162,0.356910347938538
2019-10-08 15:31:17.0950,-0.987247347831726,-9.76822757720947,0.504009127616882
2019-10-08 15:31:17.0960,-1.10638403892517,-9.66553974151611,0.563280701637268
2019-10-08 15:31:17.1729,-1.08058393001556,-9.66049289703369,0.184928178787231
2019-10-08 15:31:17.2540,-0.899536788463593,-9.81006336212158,0.280574113130569
2019-10-08 15:31:17.3330,-0.680895745754242,-9.87186717987061,0.365937501192093
2019-10-08 15:31:17.4100,-1.22233211994171,-9.8370943069458,0.433732807636261
2019-10-08 15:31:17.4990,-1.39885926246643,-9.68964195251465,0.418374538421631
2019-10-08 15:31:17.4990,-1.16104006767273,-9.72006511688232,0.430787950754166
2019-10-08 15:31:17.5840,-0.982332587242126,-9.74931812286377,0.43257811665535
2019-10-08 15:31:17.6560,-0.95292204618454,-9.81186008453369,0.418761610984802
2019-10-08 15:31:17.7360,-0.790572047233582,-9.78344631195068,0.452186018228531
2019-10-08 15:31:17.8110,-0.516914546489716,-9.9478063583374,0.300495266914368
2019-10-08 15:31:17.8920,-0.338531792163849,-9.75630855560303,-0.491811245679855
2019-10-08 15:31:17.8920,-0.654789566993713,-9.68533229827881,-0.490181744098663
2019-10-08 15:31:17.9870,-1.85940313339233,-10.0323400497437,1.15844130516052
2019-10-08 15:31:18.0590,-3.06480073928833,-9.35130214691162,1.18982636928558
2019-10-08 15:31:18.1330,-2.27352547645569,-9.73092937469482,0.511838555335999
2019-10-08 15:31:18.2130,-1.75044763088226,-9.43627834320068,-0.154965862631798
2019-10-08 15:31:18.3070,-1.6704306602478,-10.0531911849976,-0.595048725605011
2019-10-08 15:31:18.3070,-1.54864585399628,-10.4435968399048,-0.240931391716003
2019-10-08 15:31:18.3780,-1.61633193492889,-10.0455884933472,-0.801538646221161
2019-10-08 15:31:18.4540,-1.45510756969452,-11.3875598907471,-0.391811430454254
2019-10-08 15:31:18.5300,1.54616034030914,-12.675986289978,4.9027156829834
2019-10-08 15:31:18.6140,-2.06606364250183,-13.9451837539673,8.22561454772949
2019-10-08 15:31:18.6899,-1.40426695346832,-7.91795444488525,4.29533767700195
2019-10-08 15:31:18.6899,0.369654655456543,-2.12330293655395,1.31464779376984
2019-10-08 15:31:18.7690,0.770798623561859,-4.07432842254639,0.833662569522858
2019-10-08 15:31:18.8500,0.808220684528351,-7.57010412216187,1.21384704113007
2019-10-08 15:31:18.9280,-0.537589371204376,-10.7006750106812,1.34108710289001
2019-10-08 15:31:19.0060,0.750076711177826,-11.4017276763916,1.64975523948669
2019-10-08 15:31:19.0869,-3.92692542076111,-13.4256811141968,3.0351996421814
2019-10-08 15:31:19.0880,-1.10049474239349,-8.11236572265625,1.33405375480652
2019-10-08 15:31:19.1690,-1.68640661239624,-10.2467241287231,-0.0221141595393419
2019-10-08 15:31:19.2470,-1.37377643585205,-10.1094465255737,0.645407438278198
2019-10-08 15:31:19.3320,-1.84927892684937,-9.21639823913574,0.933024287223816
2019-10-08 15:31:19.4110,-2.67806029319763,-9.20294284820557,0.943129658699036
2019-10-08 15:31:19.5000,-2.03935885429382,-9.7106351852417,0.373913288116455
2019-10-08 15:31:19.5010,-0.926528334617615,-10.0858659744263,0.0683533698320389
2019-10-08 15:31:19.5689,-0.860844731330872,-9.53612327575684,0.216878443956375
2019-10-08 15:31:19.6480,-1.05833971500397,-9.71472454071045,0.197850942611694
2019-10-08 15:31:19.7260,-0.525349020957947,-9.77953720092773,0.266075432300568
2019-10-08 15:31:19.8060,-0.577336132526398,-9.75760746002197,-0.182671189308167
2019-10-08 15:31:19.8870,-0.604411780834198,-9.76181697845459,-0.034170176833868
2019-10-08 15:31:19.8880,-1.02346956729889,-9.92576503753662,-0.0118353255093098
2019-10-08 15:31:19.9750,-0.845647156238556,-10.2794027328491,-0.406798243522644
